country,Purchasing Power Value,Purchasing Power Category,Safety Value,Safety Category,Health Care Value,Health Care Category,Climate Value,Climate Category,Cost of Living Value,Cost of Living Category,Property Price to Income Value,Property Price to Income Category,Traffic Commute Time Value,Traffic Commute Time Category,Pollution Value,Pollution Category,Quality of Life Value,Quality of Life Category,Purchasing Power Value_scaled,Safety Value_scaled,Health Care Value_scaled,Climate Value_scaled,Cost of Living Value_scaled,Traffic Commute Time Value_scaled,Pollution Value_scaled,Purchasing Power Value_scaled,Safety Value_scaled,Health Care Value_scaled,Climate Value_scaled,Cost of Living Value_scaled,Traffic Commute Time Value_scaled,Pollution Value_scaled
Afghanistan,32.15,'Very Low',25.33,'Low',24.24,'Low',0.0,,21.08,'Very Low',7.8,'Low',56.17,'Very High',84.44,'Very High',0,,0.11407586133484725,0.25329999999999997,0.24239999999999998,0.03422604660156627,0.15345417485622767,0.5617,0.7898971000935453,0.11407586133484725,0.25329999999999997,0.24239999999999998,0.03422604660156627,0.15345417485622767,0.5617,0.7898971000935453
Aland Islands,125.01,'Very High',71.81,'High',79.72,'High',0.0,,53.44,'Low',5.33,'Low',19.05,'Very Low',18.05,'Very Low',0,,0.44356526984352274,0.7181000000000001,0.7972,0.03422604660156627,0.3890223484021256,0.1905,0.1688493919550982,0.44356526984352274,0.7181000000000001,0.7972,0.03422604660156627,0.3890223484021256,0.1905,0.1688493919550982
Albania,42.82,'Low',55.52,'Moderate',48.21,'Moderate',86.43,'Very High',40.85,'Low',14.88,'High',36.74,'Moderate',77.25,'High',': 104.16','Low',0.15193556399247776,0.5552,0.48210000000000003,0.8698636759160785,0.29737206085753803,0.3674,0.7226379794200187,0.15193556399247776,0.5552,0.48210000000000003,0.8698636759160785,0.29737206085753803,0.3674,0.7226379794200187
Alderney,0.0,,83.79,'Very High',100.0,'Very High',0.0,,0.0,,0,,5.0,'Very Low',1.72,'Very Low',0,,0.0,0.8379000000000001,1.0,0.03422604660156627,0.0,0.05,0.01608980355472404,0.0,0.8379000000000001,1.0,0.03422604660156627,0.0,0.05,0.01608980355472404
Algeria,27.6,'Very Low',47.54,'Moderate',54.43,'Moderate',94.82,'Very High',25.31,'Very Low',21.7,'Very High',45.09,'High',63.87,'High',': 98.83','Very Low',0.09793137707128412,0.4754,0.5443,0.9509813400367397,0.18424692436485401,0.4509,0.5974742750233863,0.09793137707128412,0.4754,0.5443,0.9509813400367397,0.18424692436485401,0.4509,0.5974742750233863
American Samoa,0.0,,54.41,'Moderate',0.0,,0.0,,0.0,,0,,100.0,'Very High',78.45,'High',0,,0.0,0.5441,0.0,0.03422604660156627,0.0,1.0,0.7338634237605238,0.0,0.5441,0.0,0.03422604660156627,0.0,1.0,0.7338634237605238
Andorra,121.14,'Very High',84.71,'Very High',75.56,'High',0.0,,48.09,'Low',9.03,'Moderate',13.33,'Very Low',22.98,'Low',0,,0.42983358762374485,0.8471,0.7556,0.03422604660156627,0.3500764359030356,0.1333,0.21496725912067352,0.42983358762374485,0.8471,0.7556,0.03422604660156627,0.3500764359030356,0.1333,0.21496725912067352
Angola,224.46,'Very High',33.71,'Low',36.58,'Low',0.0,,42.57,'Low',8.01,'Moderate',65.43,'Very High',92.07,'Very High',0,,0.7964375687471171,0.3371,0.3658,0.03422604660156627,0.30989298973575014,0.6543000000000001,0.8612722170252571,0.7964375687471171,0.3371,0.3658,0.03422604660156627,0.30989298973575014,0.6543000000000001,0.8612722170252571
Anguilla,0.0,,75.44,'High',77.08,'High',0.0,,0.0,,1.8399999999999999,'Very Low',0.0,,0.0,,0,,0.0,0.7544,0.7708,0.03422604660156627,0.0,0.0,0.0,0.0,0.7544,0.7708,0.03422604660156627,0.0,0.0,0.0
Antigua And Barbuda,0.0,,42.86,'Moderate',30.56,'Low',0.0,,0.0,,0,,35.0,'Moderate',43.1,'Moderate',0,,0.0,0.4286,0.3056,0.03422604660156627,0.0,0.35000000000000003,0.4031805425631431,0.0,0.4286,0.3056,0.03422604660156627,0.0,0.35000000000000003,0.4031805425631431
Argentina,40.36,'Low',36.36,'Low',68.0,'High',98.28,'Very High',32.65,'Very Low',20.05,'Very High',44.07,'High',50.81,'Moderate',': 115.06','Low',0.1432068977752546,0.3636,0.68,0.9844339166586096,0.23767926039164297,0.44070000000000004,0.4753040224508887,0.1432068977752546,0.3636,0.68,0.9844339166586096,0.23767926039164297,0.44070000000000004,0.4753040224508887
Armenia,36.91,'Very Low',77.81,'High',58.07,'Moderate',63.42,'High',41.84,'Low',20.95,'Very High',29.31,'Low',62.55,'High',': 116.56','Low',0.1309654756413441,0.7781,0.5807,0.6473943730058976,0.3045788745723229,0.29309999999999997,0.5851262862488307,0.1309654756413441,0.7781,0.5807,0.6473943730058976,0.3045788745723229,0.29309999999999997,0.5851262862488307
Aruba,71.46,'Moderate',69.23,'High',78.7,'High',0.0,,79.42,'High',5.32,'Low',46.33,'High',35.7,'Low',0,,0.2535571088954334,0.6923,0.787,0.03422604660156627,0.578146611341632,0.4633,0.3339569691300281,0.2535571088954334,0.6923,0.787,0.03422604660156627,0.578146611341632,0.4633,0.3339569691300281
Australia,137.58,'Very High',52.71,'Moderate',73.35,'High',93.8,'Very High',64.5,'Moderate',8.25,'Moderate',37.48,'Moderate',26.8,'Low',': 190.69','Very High',0.48816662527055327,0.5271,0.7334999999999999,0.9411195977956105,0.4695348329329547,0.37479999999999997,0.2507015902712816,0.48816662527055327,0.5271,0.7334999999999999,0.9411195977956105,0.4695348329329547,0.37479999999999997,0.2507015902712816
Austria,109.08,'High',70.38,'High',77.83,'High',77.4,'High',62.22,'Moderate',11.76,'Moderate',23.77,'Very Low',20.73,'Low',': 192.07','Very High',0.3870418337295533,0.7038,0.7783,0.7825582519578459,0.45293732255951075,0.2377,0.19391955098222638,0.3870418337295533,0.7038,0.7783,0.7825582519578459,0.45293732255951075,0.2377,0.19391955098222638
Azerbaijan,41.75,'Low',68.12,'High',48.31,'Moderate',91.4,'Very High',30.26,'Very Low',15.24,'High',40.63,'Moderate',72.69,'High',': 113.51','Low',0.14813894901181565,0.6812,0.48310000000000003,0.9179154984047181,0.22028099293877848,0.40630000000000005,0.6799812909260992,0.14813894901181565,0.6812,0.48310000000000003,0.9179154984047181,0.22028099293877848,0.40630000000000005,0.6799812909260992
Bahamas,58.59,'Low',43.76,'Moderate',39.52,'Low',0.0,,81.3,'High',5.32,'Low',27.69,'Low',61.34,'High',0,,0.2078912819784977,0.4376,0.39520000000000005,0.03422604660156627,0.5918322777899104,0.27690000000000003,0.5738072965388213,0.2078912819784977,0.4376,0.39520000000000005,0.03422604660156627,0.5918322777899104,0.27690000000000003,0.5738072965388213
Bahrain,114.56,'Very High',75.28,'High',66.6,'High',64.31,'High',48.79,'Low',4.9,'Very Low',30.74,'Low',71.57,'High',': 158.68','High',0.40648617961182276,0.7528,0.6659999999999999,0.6559992265300203,0.35517216277207536,0.3074,0.6695042095416276,0.40648617961182276,0.7528,0.6659999999999999,0.6559992265300203,0.35517216277207536,0.3074,0.6695042095416276
Bangladesh,36.16,'Very Low',38.79,'Low',42.2,'Moderate',71.29,'High',20.76,'Very Low',12.26,'High',57.57,'Very High',85.31,'Very High',': 74.51','Very Low',0.1283042969165809,0.3879,0.42200000000000004,0.7234844822585323,0.1511246997160952,0.5757,0.7980355472404116,0.1283042969165809,0.3879,0.42200000000000004,0.7234844822585323,0.1511246997160952,0.5757,0.7980355472404116
Barbados,46.93,'Low',55.14,'Moderate',71.88,'High',0.0,,70.6,'Moderate',14.67,'High',36.67,'Moderate',24.39,'Low',0,,0.16651882340417984,0.5514,0.7188,0.03422604660156627,0.5139404527917303,0.3667,0.22815715622076707,0.16651882340417984,0.5514,0.7188,0.03422604660156627,0.5139404527917303,0.3667,0.22815715622076707
Belarus,56.24,'Low',49.99,'Moderate',48.5,'Moderate',64.37,'High',25.11,'Very Low',12.79,'High',31.2,'Low',44.94,'Moderate',': 127.48','Moderate',0.19955292197423982,0.4999,0.485,0.6565793290147925,0.18279100240227122,0.312,0.42039289055191764,0.19955292197423982,0.4999,0.485,0.6565793290147925,0.18279100240227122,0.312,0.42039289055191764
Belgium,118.62,'Very High',50.42,'Moderate',75.76,'High',86.03,'Very High',57.41,'Low',6.82,'Low',35.19,'Moderate',49.45,'Moderate',': 168.52','Very High',0.4208920271085407,0.5042,0.7576,0.8659963260175964,0.4179223993593943,0.3519,0.4625818521983162,0.4208920271085407,0.5042,0.7576,0.8659963260175964,0.4179223993593943,0.3519,0.4625818521983162
Belize,0.0,,47.47,'Moderate',47.37,'Moderate',0.0,,0.0,,6.06,'Low',12.75,'Very Low',52.8,'Moderate',0,,0.0,0.4747,0.4737,0.03422604660156627,0.0,0.1275,0.49391955098222634,0.0,0.4747,0.4737,0.03422604660156627,0.0,0.1275,0.49391955098222634
Benin,0.0,,62.16,'High',51.39,'Moderate',0.0,,0.0,,0,,26.0,'Very Low',97.41,'Very High',0,,0.0,0.6215999999999999,0.5139,0.03422604660156627,0.0,0.26,0.9112254443405051,0.0,0.6215999999999999,0.5139,0.03422604660156627,0.0,0.26,0.9112254443405051
Bermuda,108.79,'High',63.7,'High',70.61,'High',0.0,,124.77,'Very High',6.85,'Low',35.7,'Moderate',14.95,'Very Low',0,,0.3860128446226449,0.637,0.7061000000000001,0.03422604660156627,0.9082769163572831,0.35700000000000004,0.13985032740879325,0.3860128446226449,0.637,0.7061000000000001,0.03422604660156627,0.9082769163572831,0.35700000000000004,0.13985032740879325
Bhutan,74.38,'Moderate',70.45,'High',73.28,'High',0.0,,24.92,'Very Low',14.07,'High',2.95,'Very Low',48.82,'Moderate',0,,0.2639179647305113,0.7045,0.7328,0.03422604660156627,0.18140787653781756,0.029500000000000002,0.45668849391955096,0.2639179647305113,0.7045,0.7328,0.03422604660156627,0.18140787653781756,0.029500000000000002,0.45668849391955096
Bolivia,43.04,'Low',35.0,'Low',45.98,'Moderate',0.0,,25.28,'Very Low',12.54,'High',39.94,'Moderate',71.92,'High',0,,0.15271617641840826,0.35000000000000003,0.4598,0.03422604660156627,0.18402853607046663,0.3994,0.672778297474275,0.15271617641840826,0.35000000000000003,0.4598,0.03422604660156627,0.18402853607046663,0.3994,0.672778297474275
Bonaire,0.0,,62.95,'High',0.0,,0.0,,0.0,,0,,0.0,,0.0,,0,,0.0,0.6295000000000001,0.0,0.03422604660156627,0.0,0.0,0.0,0.0,0.6295000000000001,0.0,0.03422604660156627,0.0,0.0,0.0
Bosnia And Herzegovina,63.66,'Moderate',58.3,'Moderate',55.62,'Moderate',80.48,'Very High',32.01,'Very Low',13.12,'High',26.15,'Very Low',59.68,'Moderate',': 134.51','Moderate',0.2258808501578966,0.583,0.5562,0.8123368461761578,0.233020310111378,0.2615,0.5582787652011225,0.2258808501578966,0.583,0.5562,0.8123368461761578,0.233020310111378,0.2615,0.5582787652011225
Botswana,64.6,'Moderate',47.3,'Moderate',61.12,'High',88.87,'Very High',40.05,'Low',118.01,'Very High',28.53,'Low',46.09,'Moderate',': 36.55','Very Low',0.22921619415959976,0.473,0.6112,0.8934545102968191,0.29154837300720676,0.2853,0.4311506080449018,0.22921619415959976,0.473,0.6112,0.8934545102968191,0.29154837300720676,0.2853,0.4311506080449018
Brazil,42.13,'Low',35.36,'Low',59.21,'Moderate',94.31,'Very High',27.14,'Very Low',15.4,'High',40.63,'Moderate',52.84,'Moderate',': 115.99','Low',0.14948727956569566,0.3536,0.5921000000000001,0.9460504689161752,0.1975686103224867,0.40630000000000005,0.4942937324602432,0.14948727956569566,0.3536,0.5921000000000001,0.9460504689161752,0.1975686103224867,0.40630000000000005,0.4942937324602432
British Virgin Islands,0.0,,59.31,'Moderate',0.0,,0.0,,0.0,,0,,0.0,,68.1,'High',0,,0.0,0.5931000000000001,0.0,0.03422604660156627,0.0,0.0,0.6370439663236669,0.0,0.5931000000000001,0.0,0.03422604660156627,0.0,0.0,0.6370439663236669
Brunei,119.26,'Very High',70.7,'High',75.37,'High',0.0,,46.73,'Low',6.97,'Low',27.3,'Low',35.49,'Low',0,,0.42316289962033854,0.7070000000000001,0.7537,0.03422604660156627,0.34017616655747246,0.273,0.3319925163704397,0.42316289962033854,0.7070000000000001,0.7537,0.03422604660156627,0.34017616655747246,0.273,0.3319925163704397
Bulgaria,77.66,'Moderate',63.73,'High',58.15,'Moderate',82.76,'Very High',35.86,'Very Low',9.22,'Moderate',29.05,'Low',62.94,'High',': 144.49','Moderate',0.2755561863534755,0.6373,0.5815,0.8343807405975056,0.261046807891097,0.29050000000000004,0.5887745556594948,0.2755561863534755,0.6373,0.5815,0.8343807405975056,0.261046807891097,0.29050000000000004,0.5887745556594948
Burkina Faso,0.0,,61.16,'High',49.31,'Moderate',0.0,,0.0,,1.25,'Very Low',50.0,'High',0.0,,0,,0.0,0.6116,0.49310000000000004,0.03422604660156627,0.0,0.5,0.0,0.0,0.6116,0.49310000000000004,0.03422604660156627,0.0,0.5,0.0
Burundi,0.0,,43.44,'Moderate',34.44,'Low',0.0,,0.0,,20.67,'Very High',33.0,'Low',87.84,'Very High',0,,0.0,0.4344,0.3444,0.03422604660156627,0.0,0.33,0.8217025257249766,0.0,0.4344,0.3444,0.03422604660156627,0.0,0.33,0.8217025257249766
Cambodia,26.95,'Very Low',48.19,'Moderate',50.71,'Moderate',59.43,'Moderate',34.38,'Very Low',26.77,'Very High',28.0,'Low',77.77,'High',': 78.92','Very Low',0.09562502217648938,0.4819,0.5071,0.6088175577685391,0.25027298536798426,0.28,0.7275023386342375,0.09562502217648938,0.4819,0.5071,0.6088175577685391,0.25027298536798426,0.28,0.7275023386342375
Cameroon,10.02,'Very Low',34.53,'Low',45.53,'Moderate',0.0,,37.61,'Very Low',46.06,'Very High',46.0,'High',93.71,'Very High',0,,0.03555334776283575,0.3453,0.45530000000000004,0.03422604660156627,0.27378612506369654,0.46,0.8766136576239475,0.03555334776283575,0.3453,0.45530000000000004,0.03422604660156627,0.27378612506369654,0.46,0.8766136576239475
Canada,111.31,'Very High',54.34,'Moderate',68.82,'High',55.41,'Moderate',60.55,'Moderate',10.47,'Moderate',33.53,'Low',29.8,'Low',': 164.54','Very High',0.39495440513784913,0.5434,0.6881999999999999,0.5699506912887943,0.4407803741719443,0.33530000000000004,0.27876520112254444,0.39495440513784913,0.5434,0.6881999999999999,0.5699506912887943,0.4407803741719443,0.33530000000000004,0.27876520112254444
Cape Verde,18.09,'Very Low',49.87,'Moderate',67.71,'High',0.0,,38.51,'Very Low',17.12,'Very High',15.33,'Very Low',81.03,'Very High',0,,0.06418763084128731,0.4987,0.6770999999999999,0.03422604660156627,0.28033777389531916,0.1533,0.7579981290926099,0.06418763084128731,0.4987,0.6770999999999999,0.03422604660156627,0.28033777389531916,0.1533,0.7579981290926099
Cayman Islands,123.25,'Very High',69.25,'High',62.28,'High',0.0,,108.7,'Very High',8.64,'Moderate',18.89,'Very Low',23.96,'Low',0,,0.4373203704360785,0.6925,0.6228,0.03422604660156627,0.7912935866637548,0.1889,0.22413470533208607,0.4373203704360785,0.6925,0.6228,0.03422604660156627,0.7912935866637548,0.1889,0.22413470533208607
Central African Republic,0.0,,15.89,'Very Low',41.67,'Moderate',0.0,,0.0,,8.5,'Moderate',5.0,'Very Low',84.83,'Very High',0,,0.0,0.1589,0.4167,0.03422604660156627,0.0,0.05,0.7935453695042095,0.0,0.1589,0.4167,0.03422604660156627,0.0,0.05,0.7935453695042095
Chad,20.21,'Very Low',32.16,'Low',44.21,'Moderate',0.0,,46.23,'Low',2.69,'Very Low',6.0,'Very Low',60.56,'High',0,,0.07170989603661783,0.3216,0.4421,0.03422604660156627,0.33653636165101547,0.06,0.566510757717493,0.07170989603661783,0.3216,0.4421,0.03422604660156627,0.33653636165101547,0.06,0.566510757717493
Chile,51.47,'Low',39.55,'Low',63.52,'High',90.21,'Very High',36.29,'Very Low',16.03,'Very High',36.04,'Moderate',77.51,'High',': 106.49','Low',0.18262782528474614,0.39549999999999996,0.6352000000000001,0.9064101324567339,0.26417704011065,0.3604,0.7250701590271281,0.18262782528474614,0.39549999999999996,0.6352000000000001,0.9064101324567339,0.26417704011065,0.3604,0.7250701590271281
China,78.42,'Moderate',75.82,'High',68.53,'High',79.61,'High',31.23,'Very Low',28.6,'Very High',38.9,'Moderate',77.3,'High',': 120.52','Moderate',0.2782528474612355,0.7582,0.6853,0.8039253601469593,0.22734221445730507,0.389,0.7231057062675397,0.2782528474612355,0.7582,0.6853,0.8039253601469593,0.22734221445730507,0.389,0.7231057062675397
Colombia,36.19,'Very Low',39.14,'Low',68.44,'High',96.69,'Very High',25.48,'Very Low',17.98,'Very High',47.15,'High',62.47,'High',': 107.90','Low',0.12841074406557146,0.3914,0.6844,0.9690612008121434,0.18548445803304942,0.4715,0.584377923292797,0.12841074406557146,0.3914,0.6844,0.9690612008121434,0.18548445803304942,0.4715,0.584377923292797
Comoros,41.96,'Low',52.94,'Moderate',0.0,,0.0,,35.91,'Very Low',11.15,'Moderate',0.0,,0.0,,0,,0.14888407905474935,0.5294,0.0,0.03422604660156627,0.2614107883817427,0.0,0.0,0.14888407905474935,0.5294,0.0,0.03422604660156627,0.2614107883817427,0.0,0.0
Cook Islands,0.0,,69.08,'High',0.0,,0.0,,0.0,,0,,0.0,,8.62,'Very Low',0,,0.0,0.6908,0.0,0.03422604660156627,0.0,0.0,0.08063610851262862,0.0,0.6908,0.0,0.03422604660156627,0.0,0.0,0.08063610851262862
Costa Rica,50.9,'Low',46.04,'Moderate',64.29,'High',99.48,'Very High',50.18,'Low',9.63,'Moderate',59.99,'Very High',42.39,'Moderate',': 129.35','Moderate',0.18060532945392613,0.4604,0.6429,0.9960359663540559,0.3652908204120259,0.5999,0.3965388213283442,0.18060532945392613,0.4604,0.6429,0.9960359663540559,0.3652908204120259,0.5999,0.3965388213283442
Croatia,83.85,'Moderate',74.54,'High',64.66,'High',89.23,'Very High',43.23,'Low',12.45,'High',25.79,'Very Low',31.1,'Low',': 176.02','Very High',0.29751978142852076,0.7454000000000001,0.6466,0.8969351252054529,0.31469753221227337,0.2579,0.2909260991580917,0.29751978142852076,0.7454000000000001,0.6466,0.8969351252054529,0.31469753221227337,0.2579,0.2909260991580917
Cuba,2.55,'Very Low',66.02,'High',59.3,'Moderate',0.0,,41.1,'Low',48,'Very High',47.89,'High',65.82,'High',0,,0.009048007664194727,0.6602,0.593,0.03422604660156627,0.29919196331076653,0.4789,0.6157156220767072,0.009048007664194727,0.6602,0.593,0.03422604660156627,0.29919196331076653,0.4789,0.6157156220767072
Curacao,0.0,,46.19,'Moderate',50.35,'Moderate',0.0,,0.0,,0,,17.5,'Very Low',55.46,'Moderate',0,,0.0,0.4619,0.5035000000000001,0.03422604660156627,0.0,0.17500000000000002,0.5188026192703461,0.0,0.4619,0.5035000000000001,0.03422604660156627,0.0,0.17500000000000002,0.5188026192703461
Cyprus,84.66,'Moderate',66.9,'High',57.13,'Moderate',90.87,'Very High',50.99,'Low',8.06,'Moderate',23.59,'Very Low',54.99,'Moderate',': 158.84','High',0.300393854451265,0.669,0.5713,0.9127912597892294,0.37118730436048625,0.2359,0.5144059869036482,0.300393854451265,0.669,0.5713,0.9127912597892294,0.37118730436048625,0.2359,0.5144059869036482
Czech Republic,90.3,'High',73.64,'High',75.47,'High',79.1,'High',43.65,'Low',13.17,'High',29.12,'Low',34.78,'Low',': 174.21','Very High',0.3204059184614839,0.7364,0.7547,0.7989944890263946,0.31775496833369726,0.2912,0.3253507951356408,0.3204059184614839,0.7364,0.7547,0.7989944890263946,0.31775496833369726,0.2912,0.3253507951356408
Democratic Republic of the Congo,25.51,'Very Low',36.16,'Low',25.69,'Low',0.0,,50.85,'Low',37.22,'Very High',75.0,'Very High',83.22,'Very High',0,,0.09051555902494413,0.3616,0.2569,0.03422604660156627,0.37016815898667826,0.75,0.7784845650140317,0.09051555902494413,0.3616,0.2569,0.03422604660156627,0.37016815898667826,0.75,0.7784845650140317
Denmark,134.75,'Very High',73.81,'High',78.5,'High',82.47,'Very High',68.9,'Moderate',6.36,'Low',27.93,'Low',20.75,'Low',': 208.65','Very High',0.4781251108824469,0.7381000000000001,0.785,0.8315769119211059,0.5015651161097765,0.2793,0.1941066417212348,0.4781251108824469,0.7381000000000001,0.785,0.8315769119211059,0.5015651161097765,0.2793,0.1941066417212348
Djibouti,165.89,'Very High',42.74,'Moderate',0.0,,0.0,,76.83,'High',12.41,'High',42.67,'High',64.6,'High',0,,0.5886172515346131,0.4274,0.0,0.03422604660156627,0.5592924219261847,0.4267,0.6043030869971936,0.5886172515346131,0.4274,0.0,0.03422604660156627,0.5592924219261847,0.4267,0.6043030869971936
Dominica,32.92,'Very Low',46.42,'Moderate',36.57,'Low',0.0,,50.36,'Low',0.64,'Very Low',0.0,,20.69,'Low',0,,0.1168080048256041,0.4642,0.3657,0.03422604660156627,0.3666011501783504,0.0,0.19354536950420956,0.1168080048256041,0.4642,0.3657,0.03422604660156627,0.3666011501783504,0.0,0.19354536950420956
Dominican Republic,31.82,'Very Low',39.4,'Low',58.26,'Moderate',67.82,'High',34.75,'Very Low',16.89,'Very High',40.69,'Moderate',72.8,'High',': 89.09','Very Low',0.11290494269595147,0.394,0.5826,0.6899352218892003,0.2529664409987624,0.4069,0.6810102899906454,0.11290494269595147,0.394,0.5826,0.6899352218892003,0.2529664409987624,0.4069,0.6810102899906454
Ecuador,45.93,'Low',37.57,'Low',75.39,'High',94.51,'Very High',30.28,'Very Low',12,'High',37.68,'Moderate',59.05,'Moderate',': 125.58','Moderate',0.16297058510449564,0.37570000000000003,0.7539,0.9479841438654162,0.22042658513503674,0.3768,0.5523854069223573,0.16297058510449564,0.37570000000000003,0.7539,0.9479841438654162,0.22042658513503674,0.3768,0.5523854069223573
Egypt,21.15,'Very Low',52.64,'Moderate',47.32,'Moderate',91.98,'Very High',19.46,'Very Low',17.85,'Very High',48.1,'High',82.67,'Very High',': 85.41','Very Low',0.07504524003832097,0.5264,0.4732,0.9235231557575171,0.14166120695930698,0.48100000000000004,0.7733395696913002,0.07504524003832097,0.5264,0.4732,0.9235231557575171,0.14166120695930698,0.48100000000000004,0.7733395696913002
El Salvador,33.72,'Very Low',40.58,'Moderate',51.67,'Moderate',86.6,'Very High',38.13,'Very Low',16,'Very High',40.39,'Moderate',75.37,'High',': 93.05','Very Low',0.11964659546535146,0.4058,0.5167,0.8715072996229333,0.2775715221664119,0.40390000000000004,0.7050514499532273,0.11964659546535146,0.4058,0.5167,0.8715072996229333,0.2775715221664119,0.40390000000000004,0.7050514499532273
Equatorial Guinea,30.87,'Very Low',52.16,'Moderate',42.59,'Moderate',0.0,,51.87,'Low',7.15,'Low',20.5,'Very Low',59.85,'Moderate',0,,0.10953411631125148,0.5216,0.42590000000000006,0.03422604660156627,0.37759336099585056,0.20500000000000002,0.5598690364826941,0.10953411631125148,0.5216,0.42590000000000006,0.03422604660156627,0.37759336099585056,0.20500000000000002,0.5598690364826941
Eritrea,58.05,'Low',72.86,'High',55.56,'Moderate',0.0,,53.58,'Low',4.41,'Very Low',0.0,,15.52,'Very Low',0,,0.20597523329666823,0.7286,0.5556,0.03422604660156627,0.39004149377593356,0.0,0.1451824134705332,0.20597523329666823,0.7286,0.5556,0.03422604660156627,0.39004149377593356,0.0,0.1451824134705332
Estonia,83.91,'Moderate',76.37,'High',75.93,'High',64.28,'High',50.4,'Low',11.27,'Moderate',21.57,'Very Low',17.02,'Very Low',': 185.10','Very High',0.2977326757265018,0.7637,0.7593000000000001,0.6557091752876341,0.36689233457086695,0.2157,0.15921421889616463,0.2977326757265018,0.7637,0.7593000000000001,0.6557091752876341,0.36689233457086695,0.2157,0.15921421889616463
Eswatini,64.57,'Moderate',56.45,'Moderate',61.11,'High',0.0,,24.22,'Very Low',2.8200000000000003,'Very Low',31.0,'Low',32.07,'Low',0,,0.22910974701060924,0.5645,0.6111,0.03422604660156627,0.17631214966877773,0.31,0.3,0.22910974701060924,0.5645,0.6111,0.03422604660156627,0.17631214966877773,0.31,0.3
Ethiopia,13.59,'Very Low',49.1,'Moderate',53.46,'Moderate',96.82,'Very High',43.89,'Low',49.87,'Very High',63.36,'Very High',73.24,'High',': 48.88','Very Low',0.04822055849270838,0.49100000000000005,0.5346000000000001,0.97031808952915,0.31950207468879666,0.6336,0.6851262862488307,0.04822055849270838,0.49100000000000005,0.5346000000000001,0.97031808952915,0.31950207468879666,0.6336,0.6851262862488307
Falkland Islands,0.0,,55.64,'Moderate',0.0,,0.0,,0.0,,0,,40.0,'Moderate',3.45,'Very Low',0,,0.0,0.5564,0.0,0.03422604660156627,0.0,0.4,0.032273152478952294,0.0,0.5564,0.0,0.03422604660156627,0.0,0.4,0.032273152478952294
Faroe Islands,0.0,,83.57,'Very High',65.08,'High',0.0,,0.0,,8.75,'Moderate',0.0,,4.91,'Very Low',0,,0.0,0.8357,0.6508,0.03422604660156627,0.0,0.0,0.045930776426566886,0.0,0.8357,0.6508,0.03422604660156627,0.0,0.0,0.045930776426566886
Fiji,57.77,'Low',43.44,'Moderate',48.18,'Moderate',71.89,'High',33.42,'Very Low',6.51,'Low',40.93,'Moderate',53.44,'Moderate',': 122.12','Moderate',0.20498172657275665,0.4344,0.4818,0.7292855071062554,0.2432845599475868,0.4093,0.49990645463049577,0.20498172657275665,0.4344,0.4818,0.7292855071062554,0.2432845599475868,0.4093,0.49990645463049577
Finland,126.13,'Very High',73.57,'High',77.57,'High',58.87,'Moderate',60.04,'Moderate',8.16,'Moderate',25.56,'Very Low',11.83,'Very Low',': 203.06','Very High',0.44753929673916903,0.7356999999999999,0.7757,0.6034032679106641,0.4370677731673582,0.2556,0.11066417212347988,0.44753929673916903,0.7356999999999999,0.7757,0.6034032679106641,0.4370677731673582,0.2556,0.11066417212347988
France,111.7,'Very High',44.56,'Moderate',77.78,'High',89.71,'Very High',59.48,'Low',10.55,'Moderate',34.72,'Low',43.56,'Moderate',': 165.08','Very High',0.39633821807472597,0.44560000000000005,0.7778,0.9015759450836313,0.4329911916721263,0.3472,0.4074836295603368,0.39633821807472597,0.44560000000000005,0.7778,0.9015759450836313,0.4329911916721263,0.3472,0.4074836295603368
French Guiana,0.0,,36.87,'Low',55.56,'Moderate',0.0,,0.0,,8.04,'Moderate',27.5,'Low',37.3,'Low',0,,0.0,0.36869999999999997,0.5556,0.03422604660156627,0.0,0.275,0.3489242282507016,0.0,0.36869999999999997,0.5556,0.03422604660156627,0.0,0.275,0.3489242282507016
French Polynesia,0.0,,79.04,'High',96.3,'Very High',0.0,,0.0,,29.58,'Very High',30.0,'Low',52.3,'Moderate',0,,0.0,0.7904000000000001,0.963,0.03422604660156627,0.0,0.3,0.48924228250701585,0.0,0.7904000000000001,0.963,0.03422604660156627,0.0,0.3,0.48924228250701585
French Southern Territories,0.0,,53.68,'Moderate',38.89,'Low',0.0,,0.0,,0,,16.0,'Very Low',37.7,'Low',0,,0.0,0.5368,0.3889,0.03422604660156627,0.0,0.16,0.35266604303087,0.0,0.5368,0.3889,0.03422604660156627,0.0,0.16,0.35266604303087
Gabon,20.07,'Very Low',39.86,'Low',31.48,'Low',0.0,,48.7,'Low',69.71,'Very High',16.35,'Very Low',76.47,'High',0,,0.07121314267466204,0.3986,0.3148,0.03422604660156627,0.35451699788891317,0.1635,0.7153414405986903,0.07121314267466204,0.3986,0.3148,0.03422604660156627,0.35451699788891317,0.1635,0.7153414405986903
Gambia,7.25,'Very Low',40.88,'Moderate',66.67,'High',0.0,,27.72,'Very Low',103.29,'Very High',65.0,'Very High',61.67,'High',0,,0.0257247276727105,0.40880000000000005,0.6667000000000001,0.03422604660156627,0.20179078401397682,0.65,0.5768942937324603,0.0257247276727105,0.40880000000000005,0.6667000000000001,0.03422604660156627,0.20179078401397682,0.65,0.5768942937324603
Georgia,40.6,'Low',73.9,'High',56.34,'Moderate',88.53,'Very High',32.0,'Very Low',12.21,'High',38.63,'Moderate',67.54,'High',': 125.48','Moderate',0.1440584749671788,0.7390000000000001,0.5634,0.8901672628831093,0.23294751401324887,0.38630000000000003,0.6318054256314313,0.1440584749671788,0.7390000000000001,0.5634,0.8901672628831093,0.23294751401324887,0.38630000000000003,0.6318054256314313
Germany,130.01,'Very High',60.77,'High',71.97,'High',83.3,'Very High',59.56,'Low',9.12,'Moderate',29.82,'Low',28.81,'Low',': 189.75','Very High',0.46130646134194375,0.6077,0.7197,0.8396016629604562,0.43357356045715945,0.2982,0.2695042095416277,0.46130646134194375,0.6077,0.7197,0.8396016629604562,0.43357356045715945,0.2982,0.2695042095416277
Ghana,17.4,'Very Low',54.65,'Moderate',57.38,'Moderate',67.03,'High',30.49,'Very Low',81.28,'Very High',39.67,'Moderate',86.91,'Very High',': 17.47','Very Low',0.0617393464145052,0.5465,0.5738000000000001,0.6822972058396983,0.2219553031957487,0.39670000000000005,0.813002806361085,0.0617393464145052,0.5465,0.5738000000000001,0.6822972058396983,0.2219553031957487,0.39670000000000005,0.813002806361085
Gibraltar,103.02,'High',79.77,'High',67.13,'High',0.0,,59.05,'Low',16,'Very High',16.2,'Very Low',61.64,'High',0,,0.365539509633467,0.7977,0.6713,0.03422604660156627,0.4298609594525733,0.162,0.5766136576239476,0.365539509633467,0.7977,0.6713,0.03422604660156627,0.4298609594525733,0.162,0.5766136576239476
Greece,59.69,'Low',53.44,'Moderate',58.2,'Moderate',91.79,'Very High',47.78,'Low',12.72,'High',33.53,'Low',50.07,'Moderate',': 136.83','Moderate',0.21179434410815032,0.5344,0.5820000000000001,0.9216861645557382,0.3478197568610322,0.33530000000000004,0.46838166510757717,0.21179434410815032,0.5344,0.5820000000000001,0.9216861645557382,0.3478197568610322,0.33530000000000004,0.46838166510757717
Greenland,139.14,'Very High',62.16,'High',51.39,'Moderate',0.0,,83.09,'High',4.75,'Very Low',34.59,'Low',77.11,'High',0,,0.4937018770180605,0.6215999999999999,0.5139,0.03422604660156627,0.6048627793550265,0.34590000000000004,0.7213283442469598,0.4937018770180605,0.6215999999999999,0.5139,0.03422604660156627,0.6048627793550265,0.34590000000000004,0.7213283442469598
Grenada,31.88,'Very Low',75.07,'High',65.28,'High',0.0,,75.44,'High',175.23,'Very High',40.0,'Moderate',49.18,'Moderate',0,,0.11311783699393252,0.7506999999999999,0.6528,0.03422604660156627,0.5491737642862342,0.4,0.4600561272217025,0.11311783699393252,0.7506999999999999,0.6528,0.03422604660156627,0.5491737642862342,0.4,0.4600561272217025
Guadeloupe,120.6,'Very High',72.18,'High',93.06,'Very High',0.0,,57.98,'Low',9.65,'Moderate',0.0,,75.86,'High',0,,0.42791753894191537,0.7218000000000001,0.9306000000000001,0.03422604660156627,0.4220717769527553,0.0,0.7096351730589335,0.42791753894191537,0.7218000000000001,0.9306000000000001,0.03422604660156627,0.4220717769527553,0.0,0.7096351730589335
Guam,0.0,,36.34,'Low',36.19,'Low',0.0,,0.0,,0,,30.0,'Low',51.83,'Moderate',0,,0.0,0.36340000000000006,0.3619,0.03422604660156627,0.0,0.3,0.484845650140318,0.0,0.36340000000000006,0.3619,0.03422604660156627,0.0,0.3,0.484845650140318
Guatemala,40.26,'Low',41.92,'Moderate',67.33,'High',99.89,'Very High',36.67,'Very Low',11.44,'Moderate',50.58,'High',73.47,'High',': 107.92','Low',0.14285207394528618,0.4192,0.6733,0.9999999999999999,0.2669432918395574,0.5058,0.6872778297474275,0.14285207394528618,0.4192,0.6733,0.9999999999999999,0.2669432918395574,0.5058,0.6872778297474275
Guernsey,142.95,'Very High',76.14,'High',61.11,'High',0.0,,66.48,'Moderate',9.66,'Moderate',16.25,'Very Low',11.49,'Very Low',0,,0.5072206649398574,0.7614000000000001,0.6111,0.03422604660156627,0.48394846036252454,0.1625,0.10748362956033676,0.5072206649398574,0.7614000000000001,0.6111,0.03422604660156627,0.48394846036252454,0.1625,0.10748362956033676
Guinea,0.0,,39.95,'Low',100.0,'Very High',0.0,,0.0,,0.68,'Very Low',0.0,,106.67,'Very High',0,,0.0,0.3995,1.0,0.03422604660156627,0.0,0.0,0.9978484565014032,0.0,0.3995,1.0,0.03422604660156627,0.0,0.0,0.9978484565014032
Guinea-Bissau,76.11,'Moderate',48.18,'Moderate',51.39,'Moderate',0.0,,39.6,'Very Low',7.13,'Low',20.0,'Very Low',0.0,,0,,0.270056416988965,0.4818,0.5139,0.03422604660156627,0.2882725485913955,0.2,0.0,0.270056416988965,0.4818,0.5139,0.03422604660156627,0.2882725485913955,0.2,0.0
Guyana,35.0,'Very Low',33.65,'Low',37.65,'Low',0.0,,44.46,'Low',19.72,'Very High',52.0,'High',60.09,'High',0,,0.12418834048894725,0.33649999999999997,0.3765,0.03422604660156627,0.32365145228215764,0.52,0.5621141253507952,0.12418834048894725,0.33649999999999997,0.3765,0.03422604660156627,0.32365145228215764,0.52,0.5621141253507952
Haiti,77.7,'Moderate',21.41,'Low',32.72,'Low',0.0,,51.39,'Low',5.5,'Low',80.67,'Very High',94.3,'Very High',0,,0.2756981158854629,0.2141,0.3272,0.03422604660156627,0.3740991482856519,0.8067000000000001,0.8821328344246959,0.2756981158854629,0.2141,0.3272,0.03422604660156627,0.3740991482856519,0.8067000000000001,0.8821328344246959
Honduras,43.68,'Low',27.75,'Low',37.83,'Low',0.0,,34.39,'Very Low',6.36,'Low',19.7,'Very Low',75.52,'High',0,,0.15498704893020618,0.2775,0.37829999999999997,0.03422604660156627,0.2503457814661134,0.197,0.7064546304957904,0.15498704893020618,0.2775,0.37829999999999997,0.03422604660156627,0.2503457814661134,0.197,0.7064546304957904
Hong Kong (China),108.13,'High',78.49,'High',66.06,'High',83.64,'Very High',74.59,'High',29.83,'Very High',41.81,'High',66.86,'High',': 134.04','Moderate',0.3836710073448533,0.7848999999999999,0.6606000000000001,0.842888910374166,0.5429860959452573,0.4181,0.625444340505145,0.3836710073448533,0.7848999999999999,0.6606000000000001,0.842888910374166,0.5429860959452573,0.4181,0.625444340505145
Hungary,70.34,'Moderate',66.28,'High',54.07,'Moderate',78.74,'High',37.72,'Very Low',13.22,'High',35.68,'Moderate',46.57,'Moderate',': 143.26','Moderate',0.24958308199978715,0.6628000000000001,0.5407000000000001,0.7955138741177606,0.2745868821431171,0.3568,0.4356407857811038,0.24958308199978715,0.6628000000000001,0.5407000000000001,0.7955138741177606,0.2745868821431171,0.3568,0.4356407857811038
Iceland,126.81,'Very High',74.26,'High',67.63,'High',68.81,'High',81.71,'High',6.39,'Low',21.35,'Very Low',15.84,'Very Low',': 202.04','Very High',0.44995209878295434,0.7426,0.6763,0.6995069128879435,0.5948169178132051,0.21350000000000002,0.14817586529466792,0.44995209878295434,0.7426,0.6763,0.6995069128879435,0.5948169178132051,0.21350000000000002,0.14817586529466792
India,86.09,'High',55.67,'Moderate',65.43,'High',64.1,'High',19.93,'Very Low',11.26,'Moderate',46.54,'High',72.89,'High',': 124.70','Moderate',0.3054678352198134,0.5567000000000001,0.6543000000000001,0.6539688678333171,0.14508262357137655,0.4654,0.6818521983161834,0.3054678352198134,0.5567000000000001,0.6543000000000001,0.6539688678333171,0.14508262357137655,0.4654,0.6818521983161834
Indonesia,33.47,'Very Low',54.11,'Moderate',60.84,'High',63.76,'High',25.31,'Very Low',16.65,'Very High',43.11,'High',67.99,'High',': 99.98','Very Low',0.11875953589043041,0.5411,0.6084,0.6506816204196074,0.18424692436485401,0.4311,0.6360149672591207,0.11875953589043041,0.5411,0.6084,0.6506816204196074,0.18424692436485401,0.4311,0.6360149672591207
Iran,29.9,'Very Low',49.67,'Moderate',52.62,'Moderate',70.99,'High',24.03,'Very Low',20.05,'Very High',46.92,'High',75.24,'High',': 85.42','Very Low',0.10609232516055779,0.49670000000000003,0.5262,0.7205839698346707,0.17492902380432407,0.4692,0.7038353601496725,0.10609232516055779,0.49670000000000003,0.5262,0.7205839698346707,0.17492902380432407,0.4692,0.7038353601496725
Iraq,55.15,'Low',57.47,'Moderate',45.9,'Moderate',46.98,'Moderate',26.81,'Very Low',8.17,'Moderate',37.05,'Moderate',71.53,'High',': 107.76','Low',0.19568534222758402,0.5747,0.459,0.4884462921782847,0.19516633908422507,0.3705,0.6691300280636109,0.19568534222758402,0.5747,0.459,0.4884462921782847,0.19516633908422507,0.3705,0.6691300280636109
Ireland,112.53,'Very High',52.53,'Moderate',51.38,'Moderate',87.83,'Very High',60.85,'Moderate',6.58,'Low',37.76,'Moderate',34.79,'Low',': 166.37','Very High',0.39928325586346386,0.5253,0.5138,0.8833994005607656,0.44296425711581855,0.3776,0.325444340505145,0.39928325586346386,0.5253,0.5138,0.8833994005607656,0.44296425711581855,0.3776,0.325444340505145
Isle Of Man,140.64,'Very High',79.57,'High',72.61,'High',0.0,,62.41,'Moderate',3.63,'Very Low',11.25,'Very Low',18.12,'Very Low',0,,0.49902423446758687,0.7957,0.7261,0.03422604660156627,0.4543204484239644,0.1125,0.1695042095416277,0.49902423446758687,0.7957,0.7261,0.03422604660156627,0.4543204484239644,0.1125,0.1695042095416277
Israel,108.83,'High',68.25,'High',73.34,'High',93.78,'Very High',63.19,'Moderate',13.98,'High',36.61,'Moderate',56.84,'Moderate',': 161.76','Very High',0.38615477415463223,0.6825,0.7334,0.9409262303006863,0.45999854407803736,0.3661,0.5317118802619271,0.38615477415463223,0.6825,0.7334,0.9409262303006863,0.45999854407803736,0.3661,0.5317118802619271
Italy,87.2,'High',53.03,'Moderate',65.13,'High',90.78,'Very High',52.12,'Low',9.47,'Moderate',32.36,'Low',53.67,'Moderate',': 151.06','High',0.3094063797324629,0.5303,0.6513,0.9119211060620709,0.37941326344907905,0.3236,0.5020579981290926,0.3094063797324629,0.5303,0.6513,0.9119211060620709,0.37941326344907905,0.3236,0.5020579981290926
Ivory Coast,12.91,'Very Low',43.57,'Moderate',44.44,'Moderate',0.0,,39.62,'Very Low',41.78,'Very High',43.5,'High',94.87,'Very High',0,,0.04580775644892311,0.43570000000000003,0.44439999999999996,0.03422604660156627,0.2884181407876537,0.435,0.8874649204864359,0.04580775644892311,0.43570000000000003,0.44439999999999996,0.03422604660156627,0.2884181407876537,0.435,0.8874649204864359
Jamaica,36.87,'Very Low',32.61,'Low',51.52,'Moderate',71.58,'High',49.56,'Low',20.19,'Very High',44.5,'High',66.31,'High',': 83.92','Very Low',0.1308235461093567,0.3261,0.5152,0.7262883109349317,0.3607774623280192,0.445,0.6202993451824135,0.1308235461093567,0.3261,0.5152,0.7262883109349317,0.3607774623280192,0.445,0.6202993451824135
Japan,120.74,'Very High',77.07,'High',79.81,'High',85.26,'Very High',46.99,'Low',12.29,'High',40.33,'Moderate',38.55,'Low',': 184.32','Very High',0.4284142923038711,0.7706999999999999,0.7981,0.8585516774630184,0.34206886510883017,0.4033,0.3606173994387277,0.4284142923038711,0.7706999999999999,0.7981,0.8585516774630184,0.34206886510883017,0.4033,0.3606173994387277
Jersey,104.07,'High',74.32,'High',53.94,'Moderate',0.0,,77.04,'High',13.33,'High',27.0,'Low',26.72,'Low',0,,0.3692651598481354,0.7432,0.5394,0.03422604660156627,0.5608211399868966,0.27,0.24995322731524788,0.3692651598481354,0.7432,0.5394,0.03422604660156627,0.5608211399868966,0.27,0.24995322731524788
Jordan,52.44,'Low',59.78,'Moderate',65.23,'High',89.05,'Very High',37.64,'Very Low',6.77,'Low',39.38,'Moderate',77.1,'High',': 125.01','Moderate',0.18606961643543982,0.5978,0.6523000000000001,0.895194817751136,0.274004513358084,0.39380000000000004,0.7212347988774555,0.18606961643543982,0.5978,0.6523000000000001,0.895194817751136,0.274004513358084,0.39380000000000004,0.7212347988774555
Kazakhstan,51.89,'Low',54.62,'Moderate',60.65,'High',39.78,'Moderate',28.08,'Very Low',10.27,'Moderate',35.62,'Moderate',73.16,'High',': 105.92','Low',0.1841180853706135,0.5462,0.6065,0.4188339940056076,0.20441144354662588,0.35619999999999996,0.6843779232927969,0.1841180853706135,0.5462,0.6065,0.4188339940056076,0.20441144354662588,0.35619999999999996,0.6843779232927969
Kenya,35.6,'Very Low',44.24,'Moderate',61.54,'High',99.79,'Very High',28.23,'Very Low',18.77,'Very High',50.59,'High',69.04,'High',': 101.33','Low',0.12631728346875779,0.4424,0.6154000000000001,0.9990331625253794,0.205503385018563,0.5059,0.6458372310570627,0.12631728346875779,0.4424,0.6154000000000001,0.9990331625253794,0.205503385018563,0.5059,0.6458372310570627
Kiribati,281.83,'Very High',81.86,'Very High',55.56,'Moderate',0.0,,55.26,'Low',0,'Very Low',47.9,'High',106.9,'Very High',0,,1.0,0.8186,0.5556,0.03422604660156627,0.40227123826162914,0.479,1.0,1.0,0.8186,0.5556,0.03422604660156627,0.40227123826162914,0.479,1.0
Kosovo (Disputed Territory),53.0,'Low',59.2,'Moderate',68.47,'High',76.84,'High',26.04,'Very Low',13.85,'High',24.06,'Very Low',67.84,'High',': 130.09','Moderate',0.18805662988326297,0.5920000000000001,0.6847,0.7771439620999709,0.18956103952828127,0.24059999999999998,0.6346117867165575,0.18805662988326297,0.5920000000000001,0.6847,0.7771439620999709,0.18956103952828127,0.24059999999999998,0.6346117867165575
Kuwait,176.8,'Very High',67.19,'High',57.93,'Moderate',20.22,'Moderate',40.82,'Low',6.69,'Low',35.32,'Moderate',69.37,'High',': 159.55','High',0.6273285313841679,0.6718999999999999,0.5793,0.22972058396983466,0.2971536725631506,0.3532,0.6489242282507016,0.6273285313841679,0.6718999999999999,0.5793,0.22972058396983466,0.2971536725631506,0.3532,0.6489242282507016
Kyrgyzstan,35.11,'Very Low',46.17,'Moderate',57.62,'Moderate',58.11,'Moderate',25.72,'Very Low',12.89,'High',37.7,'Moderate',70.38,'High',': 98.32','Very Low',0.12457864670191252,0.4617,0.5761999999999999,0.5960553031035483,0.18723156438814878,0.37700000000000006,0.6583723105706267,0.12457864670191252,0.4617,0.5761999999999999,0.5960553031035483,0.18723156438814878,0.37700000000000006,0.6583723105706267
Laos,32.51,'Very Low',63.72,'High',34.44,'Low',0.0,,32.57,'Very Low',12.67,'High',22.4,'Very Low',78.51,'High',0,,0.11535322712273356,0.6372,0.3444,0.03422604660156627,0.23709689160660988,0.22399999999999998,0.7344246959775491,0.11535322712273356,0.6372,0.3444,0.03422604660156627,0.23709689160660988,0.22399999999999998,0.7344246959775491
Latvia,76.15,'Moderate',62.8,'High',62.4,'High',74.7,'High',44.96,'Low',8.38,'Moderate',28.7,'Low',30.4,'Low',': 164.22','Very High',0.27019834652095237,0.628,0.624,0.7564536401430919,0.3272912571886147,0.287,0.284377923292797,0.27019834652095237,0.628,0.624,0.7564536401430919,0.3272912571886147,0.287,0.284377923292797
Lebanon,34.84,'Very Low',53.16,'Moderate',63.69,'High',94.74,'Very High',38.99,'Very Low',16.26,'Very High',38.75,'Moderate',89.41,'Very High',': 98.43','Very Low',0.12362062236099779,0.5316,0.6369,0.9502078700570433,0.28383198660551795,0.3875,0.8363891487371374,0.12362062236099779,0.5316,0.6369,0.9502078700570433,0.28383198660551795,0.3875,0.8363891487371374
Lesotho,0.0,,32.75,'Low',55.56,'Moderate',0.0,,0.0,,3.11,'Very Low',51.0,'High',58.62,'Moderate',0,,0.0,0.3275,0.5556,0.03422604660156627,0.0,0.51,0.5483629560336762,0.0,0.3275,0.5556,0.03422604660156627,0.0,0.51,0.5483629560336762
Liberia,33.34,'Very Low',19.13,'Very Low',38.89,'Low',0.0,,64.1,'Moderate',25.57,'Very High',30.0,'Low',91.76,'Very High',0,,0.11829826491147148,0.1913,0.3889,0.03422604660156627,0.4666229890077891,0.3,0.8583723105706268,0.11829826491147148,0.1913,0.3889,0.03422604660156627,0.4666229890077891,0.3,0.8583723105706268
Libya,50.47,'Low',44.23,'Moderate',45.45,'Moderate',96.54,'Very High',18.72,'Very Low',7.62,'Low',27.36,'Low',53.02,'Moderate',': 134.14','Moderate',0.17907958698506193,0.44229999999999997,0.4545,0.9676109446002127,0.13627429569775057,0.2736,0.495977549111319,0.17907958698506193,0.44229999999999997,0.4545,0.9676109446002127,0.13627429569775057,0.2736,0.495977549111319
Liechtenstein,178.83,'Very High',87.84,'Very High',70.37,'High',0.0,,94.03,'Very High',5.07,'Low',0.0,'Very Low',6.47,'Very Low',0,,0.6345314551325268,0.8784000000000001,0.7037000000000001,0.03422604660156627,0.684501710708306,0.0,0.060523854069223566,0.6345314551325268,0.8784000000000001,0.7037000000000001,0.03422604660156627,0.684501710708306,0.0,0.060523854069223566
Lithuania,80.43,'Moderate',67.72,'High',74.95,'High',67.76,'High',44.73,'Low',12.25,'High',23.36,'Very Low',26.14,'Low',': 172.77','Very High',0.2853848064436008,0.6772,0.7495,0.6893551194044281,0.3256169469316444,0.2336,0.24452759588400375,0.2853848064436008,0.6772,0.7495,0.6893551194044281,0.3256169469316444,0.2336,0.24452759588400375
Luxembourg,195.55,'Very High',64.68,'High',75.24,'High',82.62,'Very High',63.72,'Moderate',8.48,'Moderate',27.04,'Low',23.27,'Low',': 224.31','Very High',0.6938579995032468,0.6468,0.7524,0.8330271681330368,0.4638567372788818,0.2704,0.2176800748362956,0.6938579995032468,0.6468,0.7524,0.8330271681330368,0.4638567372788818,0.2704,0.2176800748362956
Macao (China),106.51,'High',79.52,'High',51.0,'Moderate',81.7,'Very High',57.26,'Low',21.1,'Very High',16.73,'Very Low',67.58,'High',': 149.76','High',0.3779228612993649,0.7952,0.51,0.824132263366528,0.4168304578874572,0.1673,0.6321796071094481,0.3779228612993649,0.7952,0.51,0.824132263366528,0.4168304578874572,0.1673,0.6321796071094481
Madagascar,16.75,'Very Low',35.59,'Low',39.32,'Low',0.0,,21.27,'Very Low',22.4,'Very High',31.75,'Low',86.87,'Very High',0,,0.05943299151971047,0.35590000000000005,0.3932,0.03422604660156627,0.15483730072068136,0.3175,0.8126286248830683,0.05943299151971047,0.35590000000000005,0.3932,0.03422604660156627,0.15483730072068136,0.3175,0.8126286248830683
Malawi,29.25,'Very Low',43.89,'Moderate',37.5,'Low',0.0,,35.35,'Very Low',81.6,'Very High',20.34,'Very Low',64.16,'High',0,,0.10378597026576306,0.4389,0.375,0.03422604660156627,0.2573342068865109,0.2034,0.6001870907390083,0.10378597026576306,0.4389,0.375,0.03422604660156627,0.2573342068865109,0.2034,0.6001870907390083
Malaysia,86.32,'High',51.03,'Moderate',70.37,'High',56.55,'Moderate',29.82,'Very Low',8.5,'Moderate',37.17,'Moderate',61.14,'High',': 136.22','Moderate',0.3062839300287407,0.5103,0.7037000000000001,0.5809726384994681,0.2170779646210963,0.37170000000000003,0.5719363891487371,0.3062839300287407,0.5103,0.7037000000000001,0.5809726384994681,0.2170779646210963,0.37170000000000003,0.5719363891487371
Maldives,52.96,'Low',45.91,'Moderate',45.94,'Moderate',0.0,,45.85,'Low',11.61,'Moderate',19.4,'Very Low',74.55,'High',0,,0.1879147003512756,0.45909999999999995,0.4594,0.03422604660156627,0.33377010992210815,0.19399999999999998,0.6973807296538821,0.1879147003512756,0.45909999999999995,0.4594,0.03422604660156627,0.33377010992210815,0.19399999999999998,0.6973807296538821
Mali,0.0,,52.92,'Moderate',18.52,'Very Low',0.0,,0.0,,100.71,'Very High',0.0,,85.52,'Very High',0,,0.0,0.5292,0.1852,0.03422604660156627,0.0,0.0,0.7999999999999999,0.0,0.5292,0.1852,0.03422604660156627,0.0,0.0,0.7999999999999999
Malta,78.04,'Moderate',57.09,'Moderate',52.12,'Moderate',97.44,'Very High',48.99,'Low',11.14,'Moderate',28.33,'Low',75.5,'High',': 132.54','Moderate',0.27690451690735557,0.5709000000000001,0.5212,0.9763124818717972,0.3566280847346582,0.2833,0.706267539756782,0.27690451690735557,0.5709000000000001,0.5212,0.9763124818717972,0.3566280847346582,0.2833,0.706267539756782
Marshall Islands,0.0,,72.55,'High',0.0,,0.0,,0.0,,0,,0.0,,85.63,'Very High',0,,0.0,0.7255,0.0,0.03422604660156627,0.0,0.0,0.8010289990645463,0.0,0.7255,0.0,0.03422604660156627,0.0,0.0,0.8010289990645463
Martinique,94.35,'High',37.14,'Low',75.0,'High',0.0,,60.67,'Moderate',6.62,'Low',0.0,,62.59,'High',0,,0.33477628357520495,0.3714,0.75,0.03422604660156627,0.44165392734949405,0.0,0.5855004677268475,0.33477628357520495,0.3714,0.75,0.03422604660156627,0.44165392734949405,0.0,0.5855004677268475
Mauritania,56.0,'Low',61.51,'High',46.76,'Moderate',0.0,,41.43,'Low',14.99,'High',0.0,,78.97,'High',0,,0.1987013447823156,0.6151,0.4676,0.03422604660156627,0.3015942345490281,0.0,0.7387277829747427,0.1987013447823156,0.6151,0.4676,0.03422604660156627,0.3015942345490281,0.0,0.7387277829747427
Mauritius,49.7,'Low',52.71,'Moderate',65.18,'High',0.0,,34.6,'Very Low',8.59,'Moderate',51.17,'High',54.8,'Moderate',0,,0.17634744349430512,0.5271,0.6518,0.03422604660156627,0.25187449952682534,0.5117,0.5126286248830683,0.17634744349430512,0.5271,0.6518,0.03422604660156627,0.25187449952682534,0.5117,0.5126286248830683
Mexico,48.48,'Low',46.47,'Moderate',72.39,'High',87.51,'Very High',35.0,'Very Low',11.61,'Moderate',39.29,'Moderate',58.46,'Moderate',': 127.02','Moderate',0.17201859276869036,0.4647,0.7239,0.8803055206419801,0.25478634345199097,0.3929,0.546866230121609,0.17201859276869036,0.4647,0.7239,0.8803055206419801,0.25478634345199097,0.3929,0.546866230121609
Micronesia,14.28,'Very Low',55.87,'Moderate',53.47,'Moderate',0.0,,56.24,'Low',14.77,'High',17.17,'Very Low',71.26,'High',0,,0.050668842919490475,0.5587,0.5347,0.03422604660156627,0.4094052558782849,0.17170000000000002,0.6666043030869973,0.050668842919490475,0.5587,0.5347,0.03422604660156627,0.4094052558782849,0.17170000000000002,0.6666043030869973
Moldova,47.77,'Low',55.52,'Moderate',52.12,'Moderate',76.91,'High',31.44,'Very Low',12.92,'High',27.75,'Low',61.33,'High',': 122.53','Moderate',0.1694993435759146,0.5552,0.5212,0.7778207483322053,0.22887093251801702,0.2775,0.5737137511693171,0.1694993435759146,0.5552,0.5212,0.7778207483322053,0.22887093251801702,0.2775,0.5737137511693171
Monaco,88.24,'High',76.38,'High',75.0,'High',0.0,,137.37,'Very High',39.84,'Very High',22.5,'Very Low',78.2,'High',0,,0.3130965475641344,0.7637999999999999,0.75,0.03422604660156627,0.9999999999999999,0.225,0.7315247895229187,0.3130965475641344,0.7637999999999999,0.75,0.03422604660156627,0.9999999999999999,0.225,0.7315247895229187
Mongolia,31.73,'Very Low',47.53,'Moderate',51.63,'Moderate',-3.54,'Low',30.68,'Very Low',16.08,'Very High',31.42,'Low',87.82,'Very High',': 62.52','Very Low',0.1125856012489799,0.4753,0.5163,0.0,0.22333842906020235,0.31420000000000003,0.8215154349859681,0.1125856012489799,0.4753,0.5163,0.0,0.22333842906020235,0.31420000000000003,0.8215154349859681
Montenegro,57.92,'Low',64.59,'High',41.05,'Moderate',89.02,'Very High',37.37,'Very Low',12.92,'High',16.89,'Very Low',43.7,'Moderate',': 147.33','High',0.20551396231770927,0.6459,0.4105,0.8949047665087497,0.2720390187085972,0.16890000000000002,0.4087932647333957,0.20551396231770927,0.6459,0.4105,0.8949047665087497,0.2720390187085972,0.16890000000000002,0.4087932647333957
Montserrat,0.0,,93.38,'Very High',0.0,,0.0,,0.0,,0,,0.0,,0.0,,0,,0.0,0.9338,0.0,0.03422604660156627,0.0,0.0,0.0,0.0,0.9338,0.0,0.03422604660156627,0.0,0.0,0.0
Morocco,42.23,'Low',52.34,'Moderate',46.87,'Moderate',86.09,'Very High',27.76,'Very Low',13.42,'High',35.16,'Moderate',68.66,'High',': 110.96','Low',0.14984210339566406,0.5234000000000001,0.4687,0.8665764285023687,0.2020819684064934,0.35159999999999997,0.6422825070159026,0.14984210339566406,0.5234000000000001,0.4687,0.8665764285023687,0.2020819684064934,0.35159999999999997,0.6422825070159026
Mozambique,18.54,'Very Low',38.05,'Low',41.15,'Moderate',0.0,,39.14,'Very Low',50.55,'Very High',30.0,'Low',71.57,'High',0,,0.0657843380761452,0.3805,0.4115,0.03422604660156627,0.28492392807745504,0.3,0.6695042095416276,0.0657843380761452,0.3805,0.4115,0.03422604660156627,0.28492392807745504,0.3,0.6695042095416276
Myanmar,19.87,'Very Low',49.14,'Moderate',48.6,'Moderate',0.0,,35.88,'Very Low',17.19,'Very High',49.09,'High',89.79,'Very High',0,,0.07050349501472519,0.4914,0.48600000000000004,0.03422604660156627,0.26119240008735534,0.49090000000000006,0.8399438727782975,0.07050349501472519,0.4914,0.48600000000000004,0.03422604660156627,0.26119240008735534,0.49090000000000006,0.8399438727782975
Namibia,68.25,'Moderate',36.45,'Low',65.07,'High',0.0,,30.18,'Very Low',3.55,'Very Low',26.18,'Very Low',40.72,'Moderate',0,,0.24216726395344715,0.36450000000000005,0.6507,0.03422604660156627,0.21969862415374533,0.2618,0.3809167446211412,0.24216726395344715,0.36450000000000005,0.6507,0.03422604660156627,0.21969862415374533,0.2618,0.3809167446211412
Nauru,0.0,,49.05,'Moderate',0.0,,0.0,,0.0,,0,,0.0,,101.72,'Very High',0,,0.0,0.4905,0.0,0.03422604660156627,0.0,0.0,0.9515434985968194,0.0,0.4905,0.0,0.03422604660156627,0.0,0.0,0.9515434985968194
Nepal,28.36,'Very Low',63.5,'High',57.7,'Moderate',92.64,'Very High',23.48,'Very Low',33.09,'Very High',33.45,'Low',83.87,'Very High',': 88.97','Very Low',0.10062803817904412,0.635,0.5770000000000001,0.9299042830900125,0.17092523840722135,0.3345,0.7845650140318055,0.10062803817904412,0.635,0.5770000000000001,0.9299042830900125,0.17092523840722135,0.3345,0.7845650140318055
Netherlands,134.19,'Very High',73.36,'High',79.47,'High',87.42,'Very High',61.41,'Moderate',7.63,'Low',23.14,'Very Low',21.14,'Low',': 211.85','Very High',0.47613809743462376,0.7336,0.7947,0.8794353669148216,0.4470408386110504,0.23140000000000002,0.19775491113189897,0.47613809743462376,0.7336,0.7947,0.8794353669148216,0.4470408386110504,0.23140000000000002,0.19775491113189897
New Caledonia,99.69,'High',36.91,'Low',54.17,'Moderate',0.0,,73.43,'High',8.43,'Moderate',32.5,'Low',59.31,'Moderate',0,,0.3537238760955186,0.3691,0.5417000000000001,0.03422604660156627,0.5345417485622771,0.325,0.5548175865294668,0.3537238760955186,0.3691,0.5417000000000001,0.03422604660156627,0.5345417485622771,0.325,0.5548175865294668
New Zealand,123.9,'Very High',51.87,'Moderate',68.61,'High',95.46,'Very High',59.36,'Low',8.63,'Moderate',32.56,'Low',26.0,'Low',': 186.57','Very High',0.43962672533087327,0.5186999999999999,0.6861,0.957169099874311,0.43211763849457663,0.32560000000000006,0.2432179607109448,0.43962672533087327,0.5186999999999999,0.6861,0.957169099874311,0.43211763849457663,0.32560000000000006,0.2432179607109448
Nicaragua,25.14,'Very Low',49.25,'Moderate',61.57,'High',0.0,,31.13,'Very Low',18.98,'Very High',53.83,'High',60.78,'High',0,,0.08920271085406097,0.4925,0.6157,0.03422604660156627,0.22661425347601366,0.5383,0.5685687558465856,0.08920271085406097,0.4925,0.6157,0.03422604660156627,0.22661425347601366,0.5383,0.5685687558465856
Niger,7.04,'Very Low',33.38,'Low',30.56,'Low',0.0,,132.99,'Very High',"'2,746.00'",'Very High',20.0,'Very Low',63.79,'High',0,,0.024979597629776817,0.33380000000000004,0.3056,0.03422604660156627,0.9681153090194365,0.2,0.5967259120673526,0.024979597629776817,0.33380000000000004,0.3056,0.03422604660156627,0.9681153090194365,0.2,0.5967259120673526
Nigeria,11.37,'Very Low',33.51,'Low',48.17,'Moderate',60.75,'High',27.29,'Very Low',25.59,'Very High',65.31,'Very High',87.91,'Very High',': 41.24','Very Low',0.04034346946740943,0.3351,0.4817,0.6215798124335299,0.1986605517944238,0.6531,0.822357343311506,0.04034346946740943,0.3351,0.4817,0.6215798124335299,0.1986605517944238,0.6531,0.822357343311506
Niue,0.0,,0.0,,0.0,,0.0,,0.0,,0,,0.0,,46.55,'Moderate',0,,0.0,0.0,0.0,0.03422604660156627,0.0,0.0,0.43545369504209536,0.0,0.0,0.0,0.03422604660156627,0.0,0.0,0.43545369504209536
North Korea,18.89,'Very Low',46.53,'Moderate',34.13,'Low',0.0,,33.59,'Very Low',30.31,'Very High',16.65,'Very Low',72.41,'High',0,,0.06702622148103468,0.46530000000000005,0.34130000000000005,0.03422604660156627,0.2445220936157822,0.16649999999999998,0.6773620205799812,0.06702622148103468,0.46530000000000005,0.34130000000000005,0.03422604660156627,0.2445220936157822,0.16649999999999998,0.6773620205799812
North Macedonia,59.26,'Low',59.17,'Moderate',55.12,'Moderate',76.3,'High',30.57,'Very Low',12.24,'High',24.91,'Very Low',79.59,'High',': 119.96','Low',0.2102686016392861,0.5917,0.5512,0.7719230397370201,0.2225376719807818,0.24910000000000002,0.7445275958840037,0.2102686016392861,0.5917,0.5512,0.7719230397370201,0.2225376719807818,0.24910000000000002,0.7445275958840037
Northern Mariana Islands,0.0,,64.03,'High',44.44,'Moderate',0.0,,0.0,,36.43,'Very High',0.0,,33.33,'Low',0,,0.0,0.6403,0.44439999999999996,0.03422604660156627,0.0,0.0,0.3117867165575304,0.0,0.6403,0.44439999999999996,0.03422604660156627,0.0,0.0,0.3117867165575304
Norway,122.3,'Very High',67.05,'High',75.65,'High',68.5,'High',71.27,'Moderate',8.38,'Moderate',26.67,'Very Low',18.32,'Very Low',': 194.48','Very High',0.43394954405137853,0.6705,0.7565000000000001,0.6965097167166199,0.5188177913663827,0.26670000000000005,0.17137511693171187,0.43394954405137853,0.6705,0.7565000000000001,0.6965097167166199,0.5188177913663827,0.26670000000000005,0.17137511693171187
Oman,160.38,'Very High',81.94,'Very High',65.11,'High',67.22,'High',39.3,'Very Low',2.81,'Very Low',20.54,'Very Low',34.71,'Low',': 213.42','Very High',0.5690664585033531,0.8194,0.6511,0.6841341970414773,0.2860886656475212,0.2054,0.32469597754911134,0.5690664585033531,0.8194,0.6511,0.6841341970414773,0.2860886656475212,0.2054,0.32469597754911134
Pakistan,30.57,'Very Low',56.31,'Moderate',59.38,'Moderate',71.93,'High',17.9,'Very Low',14.3,'High',38.01,'Moderate',73.31,'High',': 104.14','Low',0.10846964482134622,0.5631,0.5938,0.7296722420961036,0.13030501565116107,0.3801,0.6857811038353602,0.10846964482134622,0.5631,0.5938,0.7296722420961036,0.13030501565116107,0.3801,0.6857811038353602
Palau,0.0,,73.24,'High',0.0,,0.0,,0.0,,23.2,'Very High',0.0,,14.37,'Very Low',0,,0.0,0.7323999999999999,0.0,0.03422604660156627,0.0,0.0,0.1344246959775491,0.0,0.7323999999999999,0.0,0.03422604660156627,0.0,0.0,0.1344246959775491
Palestine,49.62,'Low',57.24,'Moderate',52.36,'Moderate',0.0,,38.29,'Very Low',6.71,'Low',48.5,'High',65.03,'High',0,,0.17606358443033035,0.5724,0.5236,0.03422604660156627,0.2787362597364781,0.485,0.6083255378858746,0.17606358443033035,0.5724,0.5236,0.03422604660156627,0.2787362597364781,0.485,0.6083255378858746
Panama,44.91,'Low',57.32,'Moderate',60.66,'High',67.84,'High',43.83,'Low',11.68,'Moderate',35.24,'Moderate',55.63,'Moderate',': 122.74','Moderate',0.15935138203881774,0.5732,0.6066,0.6901285893841245,0.3190652981000218,0.35240000000000005,0.5203928905519177,0.15935138203881774,0.5732,0.6066,0.6901285893841245,0.3190652981000218,0.35240000000000005,0.5203928905519177
Papua New Guinea,13.71,'Very Low',19.89,'Very Low',23.86,'Low',0.0,,69.3,'Moderate',450.4,'Very High',44.56,'High',78.81,'High',0,,0.04864634708867048,0.19890000000000002,0.2386,0.03422604660156627,0.504476960034942,0.44560000000000005,0.7372310570626754,0.04864634708867048,0.19890000000000002,0.2386,0.03422604660156627,0.504476960034942,0.44560000000000005,0.7372310570626754
Paraguay,41.24,'Low',39.84,'Low',64.52,'High',92.24,'Very High',23.19,'Very Low',15.68,'High',42.83,'High',66.16,'High',': 109.45','Low',0.14632934747897672,0.39840000000000003,0.6452,0.9260369331915304,0.1688141515614763,0.4283,0.6188961646398503,0.14632934747897672,0.39840000000000003,0.6452,0.9260369331915304,0.1688141515614763,0.4283,0.6188961646398503
Peru,39.16,'Very Low',32.77,'Low',56.28,'Moderate',97.69,'Very High',29.43,'Very Low',18.58,'Very High',49.78,'High',82.19,'Very High',': 85.92','Very Low',0.13894901181563354,0.32770000000000005,0.5628000000000001,0.9787295755583485,0.21423891679405982,0.4978,0.7688493919550982,0.13894901181563354,0.32770000000000005,0.5628000000000001,0.9787295755583485,0.21423891679405982,0.4978,0.7688493919550982
Philippines,37.95,'Very Low',56.92,'Moderate',67.2,'High',61.23,'High',28.77,'Very Low',22.2,'Very High',41.29,'High',72.38,'High',': 96.95','Very Low',0.13465564347301567,0.5692,0.672,0.6262206323117083,0.20943437431753656,0.4129,0.6770813844714686,0.13465564347301567,0.5692,0.672,0.6262206323117083,0.20943437431753656,0.4129,0.6770813844714686
Poland,93.75,'High',70.99,'High',57.92,'Moderate',75.9,'High',39.35,'Very Low',11.03,'Moderate',31.79,'Low',55.51,'Moderate',': 153.60','High',0.3326473405953944,0.7099,0.5792,0.7680556898385381,0.28645264613816696,0.3179,0.5192703461178672,0.3326473405953944,0.7099,0.5792,0.7680556898385381,0.28645264613816696,0.3179,0.5192703461178672
Portugal,62.54,'Moderate',68.17,'High',72.42,'High',97.31,'Very High',41.72,'Low',13.97,'High',28.65,'Low',28.8,'Low',': 168.85','Very High',0.2219068232622503,0.6817000000000001,0.7242000000000001,0.9750555931547906,0.3037053213947732,0.2865,0.2694106641721235,0.2219068232622503,0.6817000000000001,0.7242000000000001,0.9750555931547906,0.3037053213947732,0.2865,0.2694106641721235
Puerto Rico,112.17,'Very High',38.52,'Low',58.5,'Moderate',0.0,,59.23,'Low',4.21,'Very Low',33.69,'Low',47.86,'Moderate',0,,0.3980058900755775,0.38520000000000004,0.585,0.03422604660156627,0.4311712892188978,0.3369,0.44770813844714685,0.3980058900755775,0.38520000000000004,0.585,0.03422604660156627,0.4311712892188978,0.3369,0.44770813844714685
Qatar,184.27,'Very High',84.05,'Very High',73.45,'High',36.03,'Moderate',48.27,'Low',5.06,'Low',29.01,'Low',60.0,'High',': 192.73','Very High',0.6538338714828089,0.8405,0.7345,0.38257758870733827,0.3513867656693601,0.2901,0.5612722170252572,0.6538338714828089,0.8405,0.7345,0.38257758870733827,0.3513867656693601,0.2901,0.5612722170252572
Republic of the Congo,20.45,'Very Low',45.71,'Moderate',68.52,'High',0.0,,54.46,'Low',35.01,'Very High',0.0,,77.59,'High',0,,0.07256147322854203,0.4571,0.6851999999999999,0.03422604660156627,0.3964475504112979,0.0,0.7258185219831619,0.07256147322854203,0.4571,0.6851999999999999,0.03422604660156627,0.3964475504112979,0.0,0.7258185219831619
Reunion,96.1,'High',53.09,'Moderate',71.3,'High',0.0,,52.71,'Low',7.95,'Low',0.0,'Very Low',32.67,'Low',0,,0.3409857005996523,0.5309,0.713,0.03422604660156627,0.3837082332386984,0.0,0.3056127221702526,0.3409857005996523,0.5309,0.713,0.03422604660156627,0.3837082332386984,0.0,0.3056127221702526
Romania,73.36,'Moderate',67.82,'High',56.51,'Moderate',77.0,'High',34.66,'Very Low',10.16,'Moderate',33.36,'Low',58.61,'Moderate',': 142.14','Moderate',0.26029876166483346,0.6781999999999999,0.5651,0.7786909020593638,0.25231127611560017,0.3336,0.5482694106641721,0.26029876166483346,0.6781999999999999,0.5651,0.7786909020593638,0.25231127611560017,0.3336,0.5482694106641721
Russia,55.66,'Low',61.3,'High',61.41,'High',43.6,'Moderate',25.25,'Very Low',14.84,'High',43.35,'High',59.13,'Moderate',': 113.56','Low',0.19749494376042295,0.613,0.6141,0.45576718553611134,0.18381014777607918,0.4335,0.553133769878391,0.19749494376042295,0.613,0.6141,0.45576718553611134,0.18381014777607918,0.4335,0.553133769878391
Rwanda,20.5,'Very Low',72.81,'High',72.87,'High',99.74,'Very High',37.05,'Very Low',446.83,'Very High',15.67,'Very Low',39.22,'Low',': 0.00','Very Low',0.07273888514352625,0.7281000000000001,0.7287,0.998549743788069,0.26970954356846466,0.1567,0.3668849391955098,0.07273888514352625,0.7281000000000001,0.7287,0.998549743788069,0.26970954356846466,0.1567,0.3668849391955098
Saint Helena,0.0,,92.65,'Very High',69.44,'High',0.0,,0.0,,0,,15.0,'Very Low',15.52,'Very Low',0,,0.0,0.9265000000000001,0.6944,0.03422604660156627,0.0,0.15,0.1451824134705332,0.0,0.9265000000000001,0.6944,0.03422604660156627,0.0,0.15,0.1451824134705332
Saint Kitts And Nevis,0.0,,59.98,'Moderate',50.0,'Moderate',0.0,,0.0,,20.27,'Very High',15.0,'Very Low',36.21,'Low',0,,0.0,0.5998,0.5,0.03422604660156627,0.0,0.15,0.33872778297474276,0.0,0.5998,0.5,0.03422604660156627,0.0,0.15,0.33872778297474276
Saint Lucia,0.0,,39.08,'Low',49.9,'Moderate',0.0,,0.0,,0.85,'Very Low',7.0,'Very Low',46.22,'Moderate',0,,0.0,0.3908,0.499,0.03422604660156627,0.0,0.07,0.4323666978484565,0.0,0.3908,0.499,0.03422604660156627,0.0,0.07,0.4323666978484565
Saint Vincent And The Grenadines,46.16,'Low',62.22,'High',31.94,'Low',0.0,,60.33,'Moderate',4.66,'Very Low',10.0,'Very Low',0.0,,0,,0.163786679913423,0.6222,0.3194,0.03422604660156627,0.43917886001310324,0.1,0.0,0.163786679913423,0.6222,0.3194,0.03422604660156627,0.43917886001310324,0.1,0.0
Saint-Pierre And Miquelon,0.0,,100.0,'Very High',0.0,,0.0,,0.0,,0,,0.0,,55.17,'Moderate',0,,0.0,1.0,0.0,0.03422604660156627,0.0,0.0,0.516089803554724,0.0,1.0,0.0,0.03422604660156627,0.0,0.0,0.516089803554724
Samoa,0.0,,57.94,'Moderate',55.56,'Moderate',0.0,,0.0,,205.03,'Very High',0.0,,39.94,'Low',0,,0.0,0.5794,0.5556,0.03422604660156627,0.0,0.0,0.37362020579981287,0.0,0.5794,0.5556,0.03422604660156627,0.0,0.0,0.37362020579981287
San Marino,0.0,,80.65,'Very High',83.33,'Very High',0.0,,0.0,,5.34,'Low',10.0,'Very Low',15.36,'Very Low',0,,0.0,0.8065000000000001,0.8333,0.03422604660156627,0.0,0.1,0.14368568755846584,0.0,0.8065000000000001,0.8333,0.03422604660156627,0.0,0.1,0.14368568755846584
Sao Tome And Principe,0.0,,82.56,'Very High',86.11,'Very High',0.0,,0.0,,0,,0.0,,68.97,'High',0,,0.0,0.8256,0.8611,0.03422604660156627,0.0,0.0,0.6451824134705332,0.0,0.8256,0.8611,0.03422604660156627,0.0,0.0,0.6451824134705332
Saudi Arabia,147.37,'Very High',76.23,'High',61.71,'High',45.98,'Moderate',42.06,'Low',3.09,'Very Low',29.87,'Low',62.46,'High',': 173.20','Very High',0.5229038782244616,0.7623000000000001,0.6171,0.4787779174320796,0.306180388731164,0.2987,0.5842843779232928,0.5229038782244616,0.7623000000000001,0.6171,0.4787779174320796,0.306180388731164,0.2987,0.5842843779232928
Senegal,21.72,'Very Low',49.82,'Moderate',48.38,'Moderate',0.0,,40.61,'Low',24.07,'Very High',25.0,'Very Low',95.87,'Very High',0,,0.07706773586914098,0.49820000000000003,0.48380000000000006,0.03422604660156627,0.29562495450243864,0.25,0.8968194574368569,0.07706773586914098,0.49820000000000003,0.48380000000000006,0.03422604660156627,0.29562495450243864,0.25,0.8968194574368569
Serbia,58.05,'Low',62.75,'High',51.96,'Moderate',83.23,'Very High',36.18,'Very Low',16.78,'Very High',30.72,'Low',65.62,'High',': 123.62','Moderate',0.20597523329666823,0.6275000000000001,0.5196000000000001,0.8389248767282219,0.2633762830312295,0.3072,0.613844714686623,0.20597523329666823,0.6275000000000001,0.5196000000000001,0.8389248767282219,0.2633762830312295,0.3072,0.613844714686623
Seychelles,34.19,'Very Low',55.01,'Moderate',63.19,'High',0.0,,59.88,'Low',4.66,'Very Low',29.33,'Low',36.71,'Low',0,,0.12131426746620304,0.5501,0.6319,0.03422604660156627,0.435903035597292,0.2933,0.3434050514499532,0.12131426746620304,0.5501,0.6319,0.03422604660156627,0.435903035597292,0.2933,0.3434050514499532
Sierra Leone,0.0,,42.9,'Moderate',31.25,'Low',0.0,,0.0,,3.23,'Very Low',0.0,,106.03,'Very High',0,,0.0,0.429,0.3125,0.03422604660156627,0.0,0.0,0.9918615528531337,0.0,0.429,0.3125,0.03422604660156627,0.0,0.0,0.9918615528531337
Singapore,108.8,'High',72.48,'High',71.9,'High',57.45,'Moderate',79.72,'High',20.4,'Very High',40.87,'Moderate',32.61,'Low',': 157.13','High',0.38604832700564173,0.7248,0.7190000000000001,0.5896741757710529,0.5803304942855062,0.4087,0.3050514499532273,0.38604832700564173,0.7248,0.7190000000000001,0.5896741757710529,0.5803304942855062,0.4087,0.3050514499532273
Sint Maarten,46.37,'Low',68.09,'High',56.48,'Moderate',0.0,,65.56,'Moderate',6.92,'Low',0.0,'Very Low',79.48,'High',0,,0.1645318099563567,0.6809000000000001,0.5648,0.03422604660156627,0.47725121933464365,0.0,0.7434985968194574,0.1645318099563567,0.6809000000000001,0.5648,0.03422604660156627,0.47725121933464365,0.0,0.7434985968194574
Slovakia,75.25,'Moderate',69.2,'High',58.6,'Moderate',80.72,'Very High',43.24,'Low',14.2,'High',27.41,'Low',37.3,'Low',': 157.96','High',0.2670049320512366,0.6920000000000001,0.5860000000000001,0.814657256115247,0.3147703283104025,0.2741,0.3489242282507016,0.2670049320512366,0.6920000000000001,0.5860000000000001,0.814657256115247,0.3147703283104025,0.2741,0.3489242282507016
Slovenia,85.89,'High',76.17,'High',66.26,'High',76.11,'High',47.58,'Low',13.09,'High',25.39,'Very Low',22.25,'Low',': 178.94','Very High',0.30475818755987655,0.7617,0.6626000000000001,0.7700860485352411,0.3463638348984494,0.2539,0.20813844714686622,0.30475818755987655,0.7617,0.6626000000000001,0.7700860485352411,0.3463638348984494,0.2539,0.20813844714686622
Solomon Islands,10.77,'Very Low',36.13,'Low',45.14,'Moderate',0.0,,101.05,'Very High',"'1,004.18'",'Very High',36.67,'Moderate',79.55,'High',0,,0.03821452648759891,0.3613,0.4514,0.03422604660156627,0.7356045715949624,0.3667,0.7441534144059868,0.03821452648759891,0.3613,0.4514,0.03422604660156627,0.7356045715949624,0.3667,0.7441534144059868
Somalia,28.41,'Very Low',35.86,'Low',40.49,'Moderate',0.0,,40.56,'Low',360.1,'Very High',29.0,'Low',63.41,'High',0,,0.10080545009402833,0.3586,0.40490000000000004,0.03422604660156627,0.29526097401179296,0.29,0.5931711880261926,0.10080545009402833,0.3586,0.40490000000000004,0.03422604660156627,0.29526097401179296,0.29,0.5931711880261926
South Africa,123.08,'Very High',25.36,'Low',63.83,'High',95.25,'Very High',31.3,'Very Low',3.21,'Very Low',38.61,'Moderate',56.56,'Moderate',': 155.84','High',0.4367171699251322,0.2536,0.6383,0.955138741177608,0.22785178714420906,0.3861,0.5290926099158092,0.4367171699251322,0.2536,0.6383,0.955138741177608,0.22785178714420906,0.3861,0.5290926099158092
South Korea,107.47,'High',75.36,'High',82.78,'Very High',68.39,'High',59.94,'Low',21.06,'Very High',40.32,'Moderate',60.93,'High',': 148.74','High',0.38132917006706174,0.7536,0.8278,0.6954461954945373,0.43633981218606677,0.4032,0.5699719363891487,0.38132917006706174,0.7536,0.8278,0.6954461954945373,0.43633981218606677,0.4032,0.5699719363891487
South Sudan,0.0,,18.57,'Very Low',23.61,'Low',0.0,,0.0,,2.08,'Very Low',0.0,'Very Low',56.47,'Moderate',0,,0.0,0.1857,0.2361,0.03422604660156627,0.0,0.0,0.5282507015902712,0.0,0.1857,0.2361,0.03422604660156627,0.0,0.0,0.5282507015902712
Spain,101.41,'High',63.51,'High',77.26,'High',94.04,'Very High',44.41,'Low',8.28,'Moderate',26.76,'Very Low',35.7,'Low',': 184.67','Very High',0.3598268459709754,0.6351,0.7726000000000001,0.9434400077346998,0.3232874717915119,0.2676,0.3339569691300281,0.3598268459709754,0.6351,0.7726000000000001,0.9434400077346998,0.3232874717915119,0.2676,0.3339569691300281
Sri Lanka,17.98,'Very Low',57.9,'Moderate',71.36,'High',59.11,'Moderate',33.96,'Very Low',39.94,'Very High',54.52,'High',57.94,'Moderate',': 75.17','Very Low',0.06379732462832205,0.579,0.7136,0.6057236778497533,0.24721554924656036,0.5452,0.54200187090739,0.06379732462832205,0.579,0.7136,0.6057236778497533,0.24721554924656036,0.5452,0.54200187090739
Sudan,0.0,,54.5,'Moderate',46.78,'Moderate',0.0,,0.0,,24.64,'Very High',38.33,'Moderate',67.55,'High',0,,0.0,0.545,0.4678,0.03422604660156627,0.0,0.3833,0.6318989710009354,0.0,0.545,0.4678,0.03422604660156627,0.0,0.3833,0.6318989710009354
Suriname,19.73,'Very Low',47.12,'Moderate',42.62,'Moderate',0.0,,39.75,'Very Low',3.18,'Very Low',28.88,'Low',51.15,'Moderate',0,,0.0700067416527694,0.4712,0.42619999999999997,0.03422604660156627,0.2893644900633326,0.2888,0.47848456501403175,0.0700067416527694,0.4712,0.42619999999999997,0.03422604660156627,0.2893644900633326,0.2888,0.47848456501403175
Sweden,134.51,'Very High',51.74,'Moderate',68.43,'High',76.49,'High',54.84,'Low',7.45,'Low',28.72,'Low',17.66,'Very Low',': 193.48','Very High',0.47727353369052267,0.5174000000000001,0.6843000000000001,0.7737600309387991,0.3992138021402053,0.2872,0.16520112254443406,0.47727353369052267,0.5174000000000001,0.6843000000000001,0.7737600309387991,0.3992138021402053,0.2872,0.16520112254443406
Switzerland,165.31,'Very High',73.69,'High',71.5,'High',79.24,'High',101.18,'Very High',10.94,'Moderate',33.28,'Low',23.06,'Low',': 204.91','Very High',0.5865592733207963,0.7369,0.715,0.8003480614908632,0.7365509208706413,0.33280000000000004,0.2157156220767072,0.5865592733207963,0.7369,0.715,0.8003480614908632,0.7365509208706413,0.33280000000000004,0.2157156220767072
Syria,5.22,'Very Low',31.5,'Low',37.11,'Low',0.0,,23.8,'Very Low',118.65,'Very High',34.9,'Low',74.88,'High',0,,0.01852180392435156,0.315,0.3711,0.03422604660156627,0.17325471354735386,0.349,0.700467726847521,0.01852180392435156,0.315,0.3711,0.03422604660156627,0.17325471354735386,0.349,0.700467726847521
Taiwan,101.65,'High',82.89,'Very High',86.5,'Very High',84.38,'Very High',44.79,'Low',20.89,'Very High',32.81,'Low',64.31,'High',': 160.18','Very High',0.36067842316289966,0.8289,0.865,0.8500435076863578,0.3260537235204193,0.3281,0.6015902712815716,0.36067842316289966,0.8289,0.865,0.8500435076863578,0.3260537235204193,0.3281,0.6015902712815716
Tajikistan,23.92,'Very Low',55.6,'Moderate',61.9,'High',0.0,,24.6,'Very Low',16.11,'Very High',27.0,'Low',54.02,'Moderate',0,,0.08487386012844624,0.556,0.619,0.03422604660156627,0.17907840139768508,0.27,0.50533208606174,0.08487386012844624,0.556,0.619,0.03422604660156627,0.17907840139768508,0.27,0.50533208606174
Tanzania,23.52,'Very Low',46.46,'Moderate',42.14,'Moderate',71.28,'High',25.31,'Very Low',134.04,'Very High',27.79,'Low',62.48,'High',': 0.00','Very Low',0.08345456480857255,0.4646,0.4214,0.7233877985110703,0.18424692436485401,0.2779,0.5844714686623012,0.08345456480857255,0.4646,0.4214,0.7233877985110703,0.18424692436485401,0.2779,0.5844714686623012
Thailand,46.07,'Low',62.49,'High',77.36,'High',69.76,'High',33.88,'Very Low',25.31,'Very High',38.71,'Moderate',75.65,'High',': 105.37','Low',0.16346733846645142,0.6249,0.7736000000000001,0.7086918688968384,0.24663318046152727,0.3871,0.7076707202993452,0.16346733846645142,0.6249,0.7736000000000001,0.7086918688968384,0.24663318046152727,0.3871,0.7076707202993452
Timor-Leste,259.09,'Very High',57.93,'Moderate',52.69,'Moderate',0.0,,45.57,'Low',4.13,'Very Low',25.0,'Very Low',60.35,'High',0,,0.9193130610651812,0.5793,0.5269,0.03422604660156627,0.33173181917449224,0.25,0.5645463049579046,0.9193130610651812,0.5793,0.5269,0.03422604660156627,0.33173181917449224,0.25,0.5645463049579046
Togo,50.92,'Low',54.84,'Moderate',54.17,'Moderate',0.0,,31.91,'Very Low',7.42,'Low',7.0,'Very Low',82.5,'Very High',0,,0.18067629421991982,0.5484,0.5417000000000001,0.03422604660156627,0.23229234913008662,0.07,0.7717492984097287,0.18067629421991982,0.5484,0.5417000000000001,0.03422604660156627,0.23229234913008662,0.07,0.7717492984097287
Tonga,0.0,,39.02,'Low',62.27,'High',0.0,,50.8,'Low',2.44,'Very Low',0.0,,0.0,,0,,0.0,0.39020000000000005,0.6227,0.03422604660156627,0.36980417849603253,0.0,0.0,0.0,0.39020000000000005,0.6227,0.03422604660156627,0.36980417849603253,0.0,0.0
Trinidad And Tobago,45.35,'Low',29.01,'Low',54.09,'Moderate',67.55,'High',49.01,'Low',14.18,'High',56.88,'Very High',67.14,'High',': 84.52','Very Low',0.1609126068906788,0.2901,0.5409,0.687324760707725,0.35677367693091644,0.5688000000000001,0.6280636108512628,0.1609126068906788,0.2901,0.5409,0.687324760707725,0.35677367693091644,0.5688000000000001,0.6280636108512628
Tunisia,33.55,'Very Low',55.23,'Moderate',57.17,'Moderate',93.24,'Very High',25.71,'Very Low',13.06,'High',34.39,'Low',70.08,'High',': 115.44','Low',0.11904339495440514,0.5523,0.5717,0.9357053079377355,0.18715876829001965,0.34390000000000004,0.6555659494855004,0.11904339495440514,0.5523,0.5717,0.9357053079377355,0.18715876829001965,0.34390000000000004,0.6555659494855004
Turkey,52.08,'Low',58.74,'Moderate',71.22,'High',93.26,'Very High',35.37,'Very Low',11.05,'Moderate',43.81,'High',64.29,'High',': 130.42','Moderate',0.1847922506475535,0.5874,0.7122,0.9358986754326597,0.25747979908276913,0.43810000000000004,0.6014031805425631,0.1847922506475535,0.5874,0.7122,0.9358986754326597,0.25747979908276913,0.43810000000000004,0.6014031805425631
Turkmenistan,0.0,,51.24,'Moderate',49.83,'Moderate',0.0,,0.0,,25.99,'Very High',17.29,'Very Low',38.15,'Low',0,,0.0,0.5124000000000001,0.4983,0.03422604660156627,0.0,0.1729,0.3568755846585594,0.0,0.5124000000000001,0.4983,0.03422604660156627,0.0,0.1729,0.3568755846585594
Turks And Caicos Islands,0.0,,51.12,'Moderate',54.63,'Moderate',0.0,,0.0,,0,,0.0,,32.76,'Low',0,,0.0,0.5112,0.5463,0.03422604660156627,0.0,0.0,0.3064546304957904,0.0,0.5112,0.5463,0.03422604660156627,0.0,0.0,0.3064546304957904
Tuvalu,0.0,,81.52,'Very High',100.0,'Very High',0.0,,0.0,,0.55,'Very Low',0.0,'Very Low',0.0,'Very Low',0,,0.0,0.8151999999999999,1.0,0.03422604660156627,0.0,0.0,0.0,0.0,0.8151999999999999,1.0,0.03422604660156627,0.0,0.0,0.0
Uganda,10.33,'Very Low',45.88,'Moderate',50.05,'Moderate',98.41,'Very High',47.97,'Low',"'1,075.92'",'Very High',44.5,'High',84.05,'Very High',': 0.00','Very Low',0.03665330163573786,0.45880000000000004,0.5005,0.9856908053756163,0.3492028827254859,0.445,0.7862488306828811,0.03665330163573786,0.45880000000000004,0.5005,0.9856908053756163,0.3492028827254859,0.445,0.7862488306828811
Ukraine,47.67,'Low',53.13,'Moderate',55.74,'Moderate',70.69,'High',24.38,'Very Low',13.88,'High',37.92,'Moderate',62.16,'High',': 114.78','Low',0.16914451974594616,0.5313,0.5574,0.7176834574108092,0.17747688723884397,0.37920000000000004,0.5814780168381665,0.16914451974594616,0.5313,0.5574,0.7176834574108092,0.17747688723884397,0.37920000000000004,0.5814780168381665
United Arab Emirates,132.31,'Very High',84.43,'Very High',70.63,'High',45.84,'Moderate',53.8,'Low',6.77,'Low',35.77,'Moderate',47.98,'Moderate',': 176.65','Very High',0.46946740943121745,0.8443,0.7062999999999999,0.47742434496761094,0.39164300793477463,0.3577,0.4488306828811973,0.46946740943121745,0.8443,0.7062999999999999,0.47742434496761094,0.39164300793477463,0.3577,0.4488306828811973
United Kingdom,125.05,'Very High',51.88,'Moderate',72.92,'High',87.41,'Very High',59.67,'Low',8.75,'Moderate',34.74,'Low',40.47,'Moderate',': 175.20','Very High',0.4437071993755101,0.5188,0.7292000000000001,0.8793386831673594,0.43437431753658,0.34740000000000004,0.378578110383536,0.4437071993755101,0.5188,0.7292000000000001,0.8793386831673594,0.43437431753658,0.34740000000000004,0.378578110383536
United States,153.02,'Very High',50.74,'Moderate',67.86,'High',79.14,'High',65.69,'Moderate',3.54,'Very Low',32.91,'Low',36.61,'Low',': 189.14','Very High',0.5429514246176774,0.5074000000000001,0.6786,0.7993812240162428,0.4781975686103224,0.32909999999999995,0.3424695977549111,0.5429514246176774,0.5074000000000001,0.6786,0.7993812240162428,0.4781975686103224,0.32909999999999995,0.3424695977549111
Uruguay,57.92,'Low',48.2,'Moderate',68.57,'High',98.04,'Very High',47.39,'Low',12.28,'High',39.52,'Moderate',43.49,'Moderate',': 141.60','Moderate',0.20551396231770927,0.48200000000000004,0.6857,0.9821135067195205,0.34498070903399575,0.39520000000000005,0.4068288119738073,0.20551396231770927,0.48200000000000004,0.6857,0.9821135067195205,0.34498070903399575,0.39520000000000005,0.4068288119738073
Us Virgin Islands,74.23,'Moderate',40.06,'Moderate',45.37,'Moderate',0.0,,99.27,'Very High',11.78,'Moderate',15.0,'Very Low',15.27,'Very Low',0,,0.26338572898555873,0.4006,0.4537,0.03422604660156627,0.7226468661279755,0.15,0.14284377923292796,0.26338572898555873,0.4006,0.4537,0.03422604660156627,0.7226468661279755,0.15,0.14284377923292796
Uzbekistan,44.66,'Low',71.97,'High',61.82,'High',69.79,'High',24.4,'Very Low',13.08,'High',34.3,'Low',53.07,'Moderate',': 133.78','Moderate',0.1584643224638967,0.7197,0.6182,0.7089819201392246,0.17762247943510226,0.34299999999999997,0.49644527595884,0.1584643224638967,0.7197,0.6182,0.7089819201392246,0.17762247943510226,0.34299999999999997,0.49644527595884
Vanuatu,0.0,,58.35,'Moderate',40.51,'Moderate',0.0,,0.0,,29.88,'Very High',15.0,'Very Low',40.14,'Moderate',0,,0.0,0.5835,0.4051,0.03422604660156627,0.0,0.15,0.3754911131898971,0.0,0.5835,0.4051,0.03422604660156627,0.0,0.15,0.3754911131898971
Vatican City,0.0,,46.18,'Moderate',100.0,'Very High',0.0,,0.0,,0,,0.0,,46.32,'Moderate',0,,0.0,0.4618,1.0,0.03422604660156627,0.0,0.0,0.4333021515434986,0.0,0.4618,1.0,0.03422604660156627,0.0,0.0,0.4333021515434986
Venezuela,15.11,'Very Low',19.26,'Very Low',38.69,'Low',0.0,,35.85,'Very Low',17.49,'Very High',32.8,'Low',75.3,'High',0,,0.05361388070822837,0.19260000000000002,0.38689999999999997,0.03422604660156627,0.26097401179296786,0.32799999999999996,0.7043966323666978,0.05361388070822837,0.19260000000000002,0.38689999999999997,0.03422604660156627,0.26097401179296786,0.32799999999999996,0.7043966323666978
Vietnam,44.49,'Low',59.0,'Moderate',61.32,'High',71.24,'High',26.85,'Very Low',24.77,'Very High',29.62,'Low',84.19,'Very High',': 97.18','Very Low',0.15786112195295038,0.59,0.6132,0.723001063521222,0.19545752347674164,0.2962,0.7875584658559401,0.15786112195295038,0.59,0.6132,0.723001063521222,0.19545752347674164,0.2962,0.7875584658559401
Wallis And Futuna,0.0,,0.0,,0.0,,0.0,,0.0,,0,,0.0,,0.0,,0,,0.0,0.0,0.0,0.03422604660156627,0.0,0.0,0.0,0.0,0.0,0.0,0.03422604660156627,0.0,0.0,0.0
Western Sahara,0.0,,62.87,'High',0.0,,0.0,,0.0,,12.75,'High',0.0,,0.0,,0,,0.0,0.6287,0.0,0.03422604660156627,0.0,0.0,0.0,0.0,0.6287,0.0,0.03422604660156627,0.0,0.0,0.0
Yemen,20.74,'Very Low',34.07,'Low',25.31,'Low',0.0,,48.66,'Low',15.98,'High',15.0,'Very Low',83.17,'Very High',0,,0.07359046233545045,0.3407,0.2531,0.03422604660156627,0.35422581349639654,0.15,0.7780168381665108,0.07359046233545045,0.3407,0.2531,0.03422604660156627,0.35422581349639654,0.15,0.7780168381665108
Zambia,22.32,'Very Low',54.39,'Moderate',54.44,'Moderate',0.0,,36.74,'Very Low',72.42,'Very High',38.86,'Moderate',80.9,'Very High',0,,0.0791966788489515,0.5439,0.5444,0.03422604660156627,0.2674528645264614,0.3886,0.7567820392890552,0.0791966788489515,0.5439,0.5444,0.03422604660156627,0.2674528645264614,0.3886,0.7567820392890552
Zimbabwe,28.76,'Very Low',39.31,'Low',44.8,'Moderate',96.76,'Very High',35.36,'Very Low',17.35,'Very High',27.79,'Low',78.53,'High',': 94.20','Very Low',0.1020473334989178,0.3931,0.44799999999999995,0.9697379870443779,0.25740700298464,0.2779,0.7346117867165575,0.1020473334989178,0.3931,0.44799999999999995,0.9697379870443779,0.25740700298464,0.2779,0.7346117867165575
